course_id,course_name,
0,c79be3b35b291dade02beb43bcb64674,
1,59fac0bdc894cb8a56c089a61f3fd4ab,
2,a7ace5a53b5d51611355ec1fc8791b83,
3,3490f52237d89d778c3a60e9badfe450,
4,7c5baed522607ce312a9aa9bd0df6a79,
5,aca839481ddf80e49ede72696d51dbd0,
6,bc76b4b24bdabf2784757572505ad92d,
7,55a732f7a33f79ae981191e947206bdf,
8,1afc1a781166981c737fe40ccc5c6a7e,
9,1aaa82c9af9b5bb08d723ab9ff21bd21,
10,5a36190df0c40769ed2c6169702377f4,
11,80c0735854df83c4a528b494dc2c3d40,
12,b283121f332a075d6bf23ecf9e79e3fd,
13,3d00d07d1fe17b40cff247ea2bb0633b,
14,7b0c6e4a84939e9df7fb36bf4e644054,
15,cf5a1fc1454d21a89bd208f2ed871720,
16,29e509b79ff084bd99c9710e3e552798,
17,286ec91d5ba5e4d85f5aa91d81660f0d,
18,908e755abfa29c58385dd95a69f53ac7,
19,acc6553a22a9b013bcad014adef76358,
20,bead46439c2ce5871909462227eb84de,
21,bc3876958c6f56feb902e5b4a645c70f,
22,c57f45abf69a946f03024b144a941b8b,
23,0141d06a871e0a5779339763f31c298b,
24,52883dd431f20d62d377694c9136a4d8,
25,02ae650fc027c96b274ddd4a8c36be4b,
26,864d3196032b5498591f78b1d46a7562,
27,4b2bcde2768e9e9dcaf1406eb4f5e69a,
28,e703eb1758b283f5e517d8c02bf2e7cf,
29,d7aa6ec90804ae400a1fce9482a1493a,
30,e0c76f59d60774dc3495261839d7d275,
31,179c8aa21194c7996965423a9c79fef0,
32,578f41fa034c8976602f4d0ad39ac9ac,
33,eef49b95f1c841d1c9c220bdca33aca9,
34,d3b1f5c7cef4126d4e2fa6b22decd3c5,
35,d7d34606c29589d9a3ca06acde8318ec,
36,3b52441a72671a73df9f11e5b8a321e3,
37,0517f568f950f031c2fe14ae7c56c2ff,
38,cb9838b368a99e0e3cf579a9d243ceac,
39,e268383d8234305b41e159c0367bbeff,
40,157f048fce3f5d3eca4949494718784b,
41,1edaf2dc86f1c2dd6bd2d1ed40893660,
42,71b66312e764fc5bda51389e07fe38fc,
43,d0adc9e69f8ae4ef5dc6b67504c65e12,
44,6db82e38ba406c5fcf6e22dcfef9bfdf,
45,2c8d420bb6cdd5797af7eef36ad76b45,
46,8f6e9b6970ade85128e9a235cc5a0400,
47,ed65bd9848d1ea014d7b5a8b6c734d69,
48,cec8c9e2507b0b42a3e6ce8eb955ab08,
49,507bc7ba7801453aae0ba170f220c5f4,
50,0d1067d5df63986001ca73195d65d63b,
51,03f10797eaac21d0c0e49c1fc68b7e43,
52,6c04de1d6873bcc03813d0d1a9f73136,
53,1a1cae93f36d2e8beccc8abd514794ca,
54,4f055fd4990e1fed85c37469b4b46d6a,
55,0c4096f3028c7bf59ba2464cdb03cb31,
56,fa8b802c045249ac045d2165e33b5496,
57,d87d1212bf2471fbca7816cbeddc9106,
58,500aa64e4cdb2b458c8e1cad5c022297,
59,bb6726cbe6db7c1f7cc785a28f2cef63,
60,c4dbf3e6cf3658fbe8cd0fbf1378f6d1,
61,cc163fec733b73832766e7ef17720212,
62,a0e70ba06eec6e1aeb4a37cfc109516e,
63,ed97d1536d22b7790d6f30b11594cf37,
64,2ae387b5f21c9bafe4314a4ea200ffdd,
65,b8ca836e5ab5abe6cb7a37b8419abf64,
66,922e7377e86d9d4aebd05a6728c99155,
67,e4a5f72ae0ee8bee80a5b833f29b2a0d,
68,c5839ade363dda4f6d8b80fbed2e5c01,
69,8cad4593492c937a057012f0facad5f1,
70,79ab8d2e740c21eafeb03421f5c3067b,
71,7bc40b76c36e546c7494a77e02a47936,
72,12142c6abf51484e2695563993560256,
73,027f7dfe30f9b6f542660b21b591bd13,
74,39581917be43b5344a15c9d1a110caf8,
75,45e1a9f9b3a64c1e247df60dd3d8767f,
76,e95061ceca15bba8cd95bb27197de41e,
77,9aea985a233c008fea729856248866f0,
78,df44b884635938bb83eb58918a4dd40d,
79,9254bc2d0d97e2145d90ef40ffd66cd3,
80,1c242c3e71e42facb2de5d33c0e9632b,
81,0633b382fa85d9f1643c258e37076610,
82,dcfe4e47c0cb9c61e4c1d4a469d9e0d6,
83,4eee034939ae58393ec253c72bee1ce0,
84,727c7299f176b7e218aebf24dc8ca0ce,
85,2a8bc16c583893bcf31bee4c57aa97f3,
86,b29e83ecd9fc0bc1464e9d661a0fec49,
87,e55c1ed5c6bf2330cd02a76fd9e7c159,
88,5710feaafedd85350b1619b31a694b2f,
89,1798131b8b674f11d51579bce16ca544,
90,3c244204ae9cdc534e6928f6c0fce1ef,
91,f1e428984578baaa93eb9ad006dfede7,
92,9f04fcfad2dd77b4be46b7dd568bd634,
93,35dc072e79aef35cc1c4dc353154d0ca,
94,865de26f1fe501820e9ba002b73869ff,
95,186b65182569761d74bddfab7ec85891,
96,4b1a05a3c546e03fa5029e71f8bbdf03,
97,415e1e07bb85f7d15732fa9af95bfb25,
98,7bf738f1b2eaad0d709bd35f9a66ab61,
99,b1808c55b8a09285d0f624b48aa7b46c,
100,55c588e015d920c78baa0626e8cc360d,
101,aae8074fb94282245951eb955442aebb,
102,2bc587c8a7be50acac663c1cf0fcab44,
103,fd3e6aa84cee2a4e6e3a256eab9167e4,
104,585ffb3e4f06149d6523d81399f5c36f,
105,36329b49204e09b9794732f8b7cce526,
106,1be3a6ce273ebc2a886647e63281eb01,
107,261431401b795e3e046586f5ad0732ca,
108,5305d1f34e3f61d09e4b78bace71d2c1,
109,1824a2416c3a3a5ae93203c79ca3be98,
110,7417713259b2f201e2a83a8a4498167c,
111,cbd7823d71bba929606f376a4792326a,
112,751713c80003a4a559a111185c590af9,
113,45eed4577d667f7a13c42b37ec13bb68,
114,a1a19237ed7d0852e184f69cd8226032,
115,1a0ce615017d912c061a343165dd179f,
116,e2ad28b95982f35d59889884103511b1,
117,7af3fd9d87418aa2ea2d7328fe957876,
118,38d0a4ff93376edf1641caa78a5569c4,
119,d51c77ba7f9d48e0ec736c9717fb9260,
120,98e3f0a5ade34c7eda215c08968acc1f,
121,9f785a6aa407f3118ba113e2d593ffe9,
122,1dd7c3f86398169b9d359235c9255bab,
123,519dd84631029111a972ea65fe26fbbb,
124,10adc06cfb2d440fe102f76a2c1dbf5f,
125,b056e22c46772f6d8c342a6ed09642a7,
126,e2504fc7af728dbd36ba63b2c26f4e82,
127,bcaaa5beb2dc79cb93ddb35769f33ae5,
128,1c517856112aa0d2a2bbadc22f6e0741,
129,56eca99d66450648c8c5557ceffa64db,
130,4f2985489cfa7aca9f282a1d75e2315c,
131,4ec1dafe738d5aeb5a86186d9f00faf9,
132,7ef21e379279317634841cf32ccef69c,
133,27f836ba98913b11d66186d6a7685ec4,
134,147b40a9577a4b520cba7e565b20bc24,
135,ea1e27aceed0128fa2478df84747b9ab,
136,cab79bc37369b493e4319552d6c372d2,
137,dc477c14ee40eaa15a37cc6305522c7e,
138,befe9f1b382ca08dfe7b35789577e38b,
139,f04ea1adf1178f15283aef37b3f6e606,
140,8977d1ec98ae44d714d3089fec161781,
141,ca0b399c5b11c9c415373dec044823f0,
142,be3960f038017a5f4217e8e055fe12e2,
143,3c527b6a93ee2a1cb6eff1442f27d4e8,
144,d5992607dde31e62dfce07bfa05925ca,
145,e3fea695100f4d5acd63b736099b657d,
146,2e6e2e9c7eeba13173c39f73e7445769,
147,f9fa03a0c23314cfbb059ec7abb9faec,
148,24962395f5833b4eccccad13b0da6f71,
149,dd037b99a91150a53c661891aaa4309f,
150,390fc10f5130289bff0f46664c40efec,
151,1e1c52b6dbd668c1270a59723c7e2fe4,
152,e8d35fc47a4d992fbed079057b95df2f,
153,34828919632dcfda7b02c33c0feb1b47,
154,3e62a7f1fdfbf5e3154947dc27461be0,
155,f04899a058ee933349662832233dbc17,
156,c58dbfe49c5bb750b419fbc72fbef157,
157,70557bfb7757cfb07002119ef22d26fd,
158,f2b7ab0d83102f34bc9319cd3cd4a7ce,
159,9e006aa876ece0627e3f2ae9e73f6e13,
160,99c774e4c5c8aafbdda81f61dd507751,
161,13938d406281a86855e3dae7ab1a4f33,
162,1d1a9c965764eab77f4da4993b9db8da,
163,9b35d6227c23e0e4469f953d1aee7278,
164,9986a3b7d5aa0b26e9765234ba8fc5e1,
165,8c909980b3fd23fba850c9b701f33bfd,
166,af12bb400d0e096b4f26d3b7ea2854ab,
167,a2c04c8f2d5e493d7929c148e435e207,
168,1cf8f8d8e72f2af7afd81ec912067285,
169,440be79dd061a40dbe4b3c305a34ddec,
170,2465dad72f92ff00b7afd462400359ea,
171,9dcf12290e6a46c986dae3ede46c44c8,
172,8d36d1af824c98fbfb1cd0cca633d904,
173,0a1f04139daeb5926e18dc61623f6cc5,
174,6bbcb43c01f5de81c4d83e92f7244529,
175,4d1ff5b70b46ced8ff15e79e55be6204,
176,c40515834b6d1b5c82c1384d09ffeff2,
177,dc78e90c3a10a5b3118d431b48407a04,
178,69e1b1fb45df834922501320f4c5aac1,
179,d22b48e05e80bcf9b806008e70c1cba6,
180,17b79a57bf6eef2f5646605baf812b32,
181,09a5593601ec0e90eb604013bf8788a1,
182,f187a11382fdd9a0bf22c37af16076eb,
183,5d1e0173bf25db134af14cbbd858c073,
184,3f696793ee959ca54e4b47e2de92bcb4,
185,877ffedfbf72b04fee8e26fe7918d048,
186,26c3b3740797b2da926412331c47bb9f,
187,3cb8b0e8ef98823862dec0f8fdfa7354,
188,7f4d5c254541f1330d8dc69a97353979,
189,18eb1ca5285c198efc872c0649456daf,
190,e55039d699f7ee11471edb2d93b092fc,
191,1ac8c3cc02232616f96ce6534b8ce3ff,
192,c219f540a5288bd9d1ec4364a93a9e0e,
193,a88241eb0a32919a221d6ba1d0e39eb0,
194,f10268a70aa85311a5fd89ea8f44d0e5,
195,c0774bd094db512298ed43ee0b135b59,
196,0a661e3941ea326fafcc03b21694c74f,
197,edbc14949433cff9156b8f426086f53a,
198,1a83d4c9d431c1deb0ba408bf3053b70,
199,6cebe1309541c3e37bc458ac59c9d25c,
200,8196430df594d6ef09ed9822fdd76a39,
201,71df614923ca5b0f197c0fc6907df8aa,
202,3dcbdf945b24168949e55f13d81034c2,
203,1f58378a72294ab3b64e2a36141a7073,
204,300203e506ad3909528357ea478e85bf,
205,3e6c3b0b217ca55ab38d3bc1a09b6fa9,
206,f405b0cb24ae67be06309e8cc78b4eb3,
207,795604d0659ed729a144c88b34e8de3f,
208,389d24151542bc25ddbc548afce528b4,
209,79eaf797376802e0d9317520b5a22a1b,
210,2c607243325003016106c74db7c8549a,
211,0e8ab02802632f707d12a15e116ae327,
212,79d9196a033e48344162c67f98b16faf,
213,7d7e18dc44151da1ccc7dbf6af5b2b07,
214,561e80d1f626ca2cead18e68f82fcfa2,
215,ce3197f729e8f4c72acb2207a5f357e0,
216,84edcc7a61b64a11ae991bdff661bd61,
217,61ee1edbb6948e15778a6f6d3bd57fb4,
218,f3e050065fcec61bed9200307af01a4c,
219,2755b18c4441e748939e033c6c4c3527,
220,2617126c3587f7131fa90452fd60390f,
221,f763c149c2da4db31b5fe1c947217af5,
222,3d582eb26695667722f4b3bbb07d7321,
223,91378aeb6adf8657f42a4412fc6e8e6a,
224,291a78044f965cc1889c222e15bd9721,
225,45968f416863048d45df37a795dc598b,
226,e2ccaba2a3869c8fc23359b319ca3d62,
227,6dd0630c5d02dd7f2672fff031be13eb,
228,17ec71978a98199dc32a458ec332bb24,
229,6b2cb5d12077bdd0472eaf21f58ecbee,
230,62a0e34ff22878321968d2cb7b23592b,
231,fa10c59adc0965118d7d7bda0bfe5e42,
232,d9612d69273793d77032b1932489bee5,
233,8c183515d32aa1ede46381ca0a353d42,
234,38ce32fa41fcba1bbcad351941de417b,
235,9d944d7b0ef1ae658d1007f51b2f649a,
236,0bd55c2108bfccf44a5433de5f3fe4bc,
237,504455163fbc1576c4f89d0bf2e071be,
238,cc4e25376417abf5ff632fee1f6801bf,
239,f728ab1ea7fd9e48f6ebaa315769e020,
240,997519c9e8477c05eb72ab8c3f4a6e21,
241,3ead237bb3d59feaa4584ee97131eeeb,
242,d0b2be6f4d43a667c209a42c554cc8d0,
243,d24f467dc013ed6383a0024d45b42951,
244,4bb3f2704223a6b36bd2939a6b6134b1,
245,97d00152706ef802f20d7e4f4f7b3e32,
246,eb5907e3bcba5cc97efd4a8a32f16b5a,
247,43d553add070d5ebf753c2b1bb3ddb15,
248,d38e8d28a5bfd5172eea505e952f46e3,
249,83f00d0373a11b8501cec1d0d5c24116,
250,89ed4a1af05ce3c698f88b6b698f8ab0,
251,be4cd9ea2fc0707ffdeee5e6a3ac76bd,
252,0bc2a6a340415f795637564d2af272fa,
253,b673048a4898acfb5c8350e7108e4a91,
254,a013a4f0508288d405e8ea7e0b119563,
255,2e8ff0a05846b353454494c2f22f6b93,
256,1e820963149cb5c06cbf7d266c92f9ec,
257,478e576575da2248e7828561e967b816,
258,6f181907ee497b708b632f162eeb8747,
259,3d14405ef993349f1598a1f7a8ed4779,
260,8a1c91d2c16ec6c038ee9de3ee296be4,
261,441c1232d9f3033b64938c3a4eb96a73,
262,fc7a1fd2ba03ad48bbe73bbdee3fef7d,
263,d0d543d17f495f3825b9cbd5738e2446,
264,f3e7e7b53715b87618d83e5c6cf2b75e,
265,e9b8d5ca15956e78af13ced720c83368,
266,e382c7236cc804327ee4b4f60f5c7383,
267,6c2558bd9a051fe6724b6d4344425625,
268,1baeebae1c39222deea1dccd0876e3ba,
269,a9d4e7094b6a0cc4bc976e09e743af2e,
270,0ad2e09d043574586c26af2b54d97f64,
271,34a25b16a2bbe70db35c4235f6f19179,
272,b22ab58364d7062e4dcfd1ad95ad9a9d,
273,290fb4de9ea8b663f22782270a6efea2,
274,a0c19ec094ceae24cc565e18ee0c5593,
275,e0f7bc8458e037e066209f72d4ce6731,
276,ecd0f492d3dee00f94dc605b1ea0fd39,
277,0f193b0d09756bbec3996182eff7439c,
278,0888ad58f09372be9fa381b1c76291f0,
279,6bbb35eb0d94ded833c9e641aa158540,
280,2d975cfba8228e47342ad59e2318c964,
281,d46311f1a0a12b6a30d04e58f9de2eb3,
282,56131a41390b70d44f7bd6e3ca09283c,
283,4bcdb4b99a6f6bd5146631e490abb4d4,
284,63598d5fccb4aa29b6ab7df356c220c4,
285,584f25a4d35d7d69914bf1eed3592b99,
286,8764b638a82f8852bd57a3790e903d45,
287,54b1226c7478cf1ff61ae8f5fd0d7944,
288,8dd8bca568fe5d5d2b5191f616913d0d,
289,e9bb7e2e6c75c6ef54fe1fe29d274b20,
290,0dc7a6370e641e3ed45f1650e324362c,
291,30bd0ef5ed7a4682e64871945aa78841,
292,0b18495d9aacaf29a47ceaf1118c4d5c,
293,7759f3d9a41618f78550a7202d1f2d2c,
294,5d75aa735f6bc300cb487c04d17abf08,
295,e97c07e432516bb3d3b6628a9537e725,
296,1302613cb6e2fbd1a7e37f8b5d6827c6,
297,7a42b2305a23ac50271d5cab07607701,
298,49715bfe8315e2c9a453d1e108fa4a20,
299,a86c9970944b481dcb66f928ff2b0233,
300,5d7fa8505447e8b759893b1de58d7d00,
301,8e2195b7c486ff3a1bd67b28756eee05,
302,961ab7db88be35554205262fb92d3547,
303,adc1477e8593178d5fdbc5fbef838ca7,
304,0fce76620a8a6f70828ed3f4267c65bd,
305,3e8ff55e50b2d83769195af9de00f3f5,
306,66c4df726a39443767cae472aa13fd9e,
307,ec706bcc624c1bc2f2a85ddc7768c108,
308,480e35434965d377edfbc0cc9f73e097,
309,ddd3b0cbf40c05ee1775c1d01e716150,
310,cef2ca4060c829b4c6e93c27524f2fcd,
311,dbec404912e1fd8dc67da4ab9916754b,
312,3d840fa4345b5d12a7fbe3bfab4adc5d,
313,34f4455844cfed114e111b9ea0cb6ffd,
314,281f229aba099e745a0b48a033babe46,
315,ff56c9c8a9034e9a84d0bb1e325824df,
316,793b0af1d719e50bfbb4d2b4bb3a6634,
317,4ab392c631fc2e0fb2b98c92935db867,
318,f4bcf489f54396bd341a06247c8432ba,
319,165defbca9b7b718e28cf63db4cb8817,
320,034b64e01b025d0b7ff0e6b0d7a3bd1f,
321,b3e5b54556d0b5de40c907974ca7b2c8,
322,650fc1bfee9d2845d3518eeca4b21f44,
323,0f5edfae53ef0f827977b673f35e3f74,
324,ce0bc4815356327cb6c9bf05643c9a51,
325,c4fcd5d5add48f419c80b699d709be5c,
326,ffa280c013d2794cb280ea85f71ca04d,
327,85a77354c569cbe2b1f201ae47ee8500,
328,ede7609abd5ad9706dbb046b3649c871,
329,885ea90645062388a195ef91c7de8cb9,
330,af372e4aba52e4c3da0be33ceeb965af,
331,19d2a7ea99d8a8aad2d8a4c3cf7a2da5,
332,bb7bfe3ae4429678374af713f715e191,
333,cd514ef0991aab55195b3f24747a7565,
334,f18c11fe86a6629f829bacff02caba97,
335,f0a95f310db982f2d04c133ac4d17f63,
336,4778f77bfed4f4e569aa3839a5883b09,
337,9bf03c2feda1e325bf6edc0749eee076,
338,87cfc9945abb314f0abca2f1e4e77418,
339,3a2147868a3ae0a47c62f5bfd197f437,
340,2eb8df87342512ce9e77f66ba04d69e0,
341,56336961b5b89525b41112244fe1a17b,
342,12bfd49f498bf59efce501010b80e025,
343,46ae38972a2e64cc580e4febf8346665,
344,07d51039610a54070aad1ff952e5544e,
345,ef68caef5b8477a1baf0d0a7082ce263,
346,82df23dab51e3dbf41c2396998bbb29d,
347,7a4bba38f96e7e44070eba6bc355c742,
348,83d72d177da4f34e04a3a91e2b111d0f,
349,2df5249c419a1ad1d30128065c4169bc,
350,539161bdc41ba5bc75b356c448778af9,
351,a352f3b06ad086ccfe0380bb1ff32c93,
352,ae237c5c2c06377a8fe0c464b8f402e1,
353,b0885a61a9c0b6988ffb36afe5e594d5,
354,0953388d726c45664f681bdb4dc44480,
355,5a501b814b32738daf5b57db1d95b18d,
356,b5bcab279b3997ebba2f44484d147f50,
357,c0f8bd6ab26c90aa524b03b6013ecf6c,
358,edf4877c40d6db178172b81450a749e0,
359,d6818687835f715f8fb762732ed4d569,
360,d551a883ba1047635071937db8aab570,
361,318a8d7b10a9c0ac94577430e60bf476,
362,9c7f68a6387ef1397d72b836fc54dd31,
363,59dc3d165ec623c7e55f7886440864be,
364,d8996f263c8342d6a1a52bdd2098c4bc,
365,1f21aff66110ae42d9b0f15aa889d4e1,
366,596359b50033c28d97ab9c02a0c4e1e1,
367,b5ec1e37959ce7a131e8514c48a9d3dc,
368,07ace0d9ddc03050adca7896e9920f3e,
369,0b3eee6dd0bd40f98ddc7977329215dc,
370,cb0b5dc5e658bbe416758c9dd83c332b,
371,bd4eccd2eb47fde3c427f0c8430b5e03,
372,52702280049059a29bd2f18df48ad358,
373,c1bb8f1d92126a7d4c0dec957d8c6443,
374,b38b95ca5235f7c3bcdc00e8c48f2d57,
375,7a0bd4207a258827da61630c4e32c1aa,
376,fed4a0656687c3ac790b9521789b0064,
377,b3ac6f73ffc6f0106eac96bb97df030b,
378,1673a3ea69b16dc383e03fcc2fddef84,
379,5e63cabf20ddd6a9855f13341d8c0fa1,
380,f8e8e1a8fd78e700bc7116c0b9770a2d,
381,a16a28d88ec9258ba9ebb3d4ccb18064,
382,39b38e5684ef345d38fd3f0f7cc83cdc,
383,11ea8cd05d62f477481dcc1c45fb20b4,
384,ad99c19f1f2659e431f0e9285c18767b,
385,411c8280e75b4f1d61277741c0c77111,
386,c872c97ab8676f2991d2e5d09c6d80c0,
387,6d7ff6d3026b0752592fdb190ee6d003,
388,ac32d4dba2435ed91fe329a76474d06b,
389,5735614cadb5ac5dc0ec9fbf9ff4072d,
390,613cdda9718578cee63c7082d3268a90,
391,f2168d0d02d152648c9649b4d5e9395e,
392,bdda3b20838e99f379b3e0d909f077d2,
393,3407a1b82f0bc22f357a51fe13e448de,
394,36c4a4c2e376af3fbef75dcb92f0d3db,
395,293b613cf32dfc3565186b5fe78e6f4a,
396,5f2be8954c8fd6f0b61a01f70bb00e2c,
397,7842c7a130a848bda0e20ff9ac261710,
398,4a7d0350ee2266f36ea6cd754eb05743,
399,b4cc83699b6bfa61cb672244fa258d04,
400,7306b1bdaaf08f73bc7d445130c135e2,
401,fe9f44321fbf45201fcb879d91e255c1,
402,a20fa2aba20786470f34c20db87e23db,
403,3db7fdb4e28c280ce50d7847c49258f3,
404,d08c00dab1562bae964c1866f5a8957c,
405,000685f70b9f14ad603f31e9ce9092c4,
406,2445899500bc52c8737fbd59d05c8339,
407,bfcd4ab2633c5b7dcfceb8015f3be5f7,
408,106f24e721cbed191dbd4826daf9429a,
409,a998db2194fed30590835be9beffbcb8,
410,bb8928cf1f08309a7dcd9b7acf9f75b6,
411,9af8e1aa20592a3e371a62c879ff16db,
412,9bd51320665f1e2634cd0ac8e92036e0,
413,d4ac0fe7f4dd4d75852889f00228e7ea,
414,d464295d9b90a17b4a6fe62164bb9f5e,
415,aaa8e158a1425522d41c1301383143d2,
416,832d711e429af5224af26c1a2a61e8df,
417,626cb28b378342dff961eec303e4b383,
418,e123076b22f5e76e05acab792d7ce0c1,
419,95f9b7c8dfe08014b2d0a0f7bd25e175,
420,7ad351657c4d6691bd64bb925420407d,
421,5702cbb74c387cb729fc346c9c439adb,
422,99140f8b0089f6e3b220aa0a751ca939,
423,0c1bc73ef60e287a2f926d3bfe0989aa,
424,8171e3f96a52a6950a906de02093f1f2,
425,079bd8e180dcd098ac20e602f8ab8cdc,
426,193a163ef0d29f9c1825b19452a014e8,
427,e389b19bda31923da831a0244939f906,
428,a42d80eac737028efa9174f53f4f0b12,
429,37dfac72cafb0707d840a7d4308e5d96,
430,93602929070ab96bfc808019bc1e968e,
431,af3be082c06f7784bac77bd61fafce2f,
432,8bc053df9c0bc260cc116b2d8a687627,
433,c6711269fc743e739a546ee552de6314,
434,8227ef6260c34b34dcce8a3c7c2f72ec,
435,9761e3dbe2b389a19a4a3ee958b45f7c,
436,16ea3e60ecba5526b0fdce02a30f3d99,
437,4f1a6de039a46efc4471ddf45860d16d,
438,c2f96206e2a117e702498c6963759a2f,
439,f0c08db8b879c4a30af98305b9334294,
440,01ff1eee089508f3d2f9e7e3e0163251,
441,605dcd442ff30750e65db8517a68c336,
442,2f91b95adc8fe5c8f02456d502164250,
443,c566628df8299f26fef080841620e0bb,
444,7d63e6b463c64b22561b854859ba7d90,
445,a52e52c39408a112e18498f0d7fe153e,
446,05e677a0ca2abb01872fd5bb1da73c07,
447,11087bb70d7d9a2b66048205d3e6efad,
448,a1a3454f87bf1b077bd8ad5349eb1ef0,
449,5ca8131f86ea931d6aca969f860c94e0,
450,8b5b966390b19978d474024ccbfa2c40,
451,a7e5cbb9d365c928af9b4c273c543f30,
452,a24bc8be6f3a4f211caa2787c8173ef1,
453,34672cc95f49146faa59e54fbead773a,
454,ab9c01ba4a32bd3ae9948883a2150257,
455,a66817697476ca6ad26832b2858386a4,
456,0beb45e541435d065d236b1f741668de,
457,7f6fe3decf85811f166e5118d7696d4e,
458,db77713a6a306b33bb033acf8e3b4a81,
459,b05a1a4c88238447ecad6f374ce2505d,
460,86b2168a24e941e438e628e03d0c864f,
461,91e12ea93784d7ec706c01304c969100,
462,f7949c3f64b8024f0c79c9fbd7823787,
463,970d761815d0cd6f27bf7ddcc4250887,
464,a67a59a7415c1b8185269ae07a4f3a8e,
465,59e5fd965ea3f20daeb49df9d9cb8320,
466,a49a28a545a393d002dce41c1201b48a,
467,087d072af34b57d4306644b67a7ef952,
468,72157cc927e0142d1696837e7831f438,
469,9a13af218cba5cab2e2b1804fa77b47c,
470,9ef8c4b4b0efc7dc27280bf8a3877281,
471,84c892cacd5e6e2b4490bfc55a789ac7,
472,512d68dd8e6556568d40de30e4be6243,
473,8514bf3697458b5570133402608e7759,
474,14a03ef56ea9bbcda20b0478683321a5,
475,f97823c251988daa4489b29c0407ffcc,
476,e30cc1e2fab5957999adf09318197b7f,
477,2d2de601ceef4a23aa42419f648333e9,
478,e4a3fd44bf7a09a5d5b5a2401d4b5b69,
479,efa44c068ca360be45b566271b9b0987,
480,72077fd8151ad5a1950af997ab2b1ee9,
481,9c4edeaf5c82142c1192befcb1a6d747,
482,a895efbd8e1290885c3b409bb2aaa7dc,
483,e62368b5b1ca4b08c96627e3730a8789,
484,0ece2bfb7c0758f0fab5f0c4f71de19d,
485,bfbddb04454b997751484b2cd4b9e80d,
486,4b672cdf1bb687120adba87057403545,
487,9159ff343c9b51682e7d4ac8c2173ffd,
488,9ac425ef2d46f358ffe79226a7dd9695,
489,71d6bc93547e738cbc312f0173eaa362,
490,629844bed4eb48e14b00e19c2a49d0e7,
491,ad80c37535ee3266ec9f2d1c4a9da8a7,
492,a75f30e1660a53579f9717fad4ec603e,
493,f9e361a562b8851c266e7a1920e21341,
494,b04ceac9d9f40ca3f34b2899c1fabf89,
495,b804ef71a8fa82e15788bf6d31f8a9eb,
496,9e3a7b63933be0ef11a99a8b71c6ef31,
497,98315a4c428a592eb88ad88d5c7b5765,
498,f282ea8397b746abcec0d15309ada0a4,
499,3c701ba380b732eb7ad38040acf93517,
500,271ab0ea604250c42c8c43e5a289878f,
501,ef076011f77dae9d9b9b240c05ac1c75,
502,ba25c269aa2823cf7288959378a96481,
503,c16b920a4a68f72ad5eb00724f168ccf,
504,b5b0067722b4db17de96321df0b65f1b,
505,ceedcb48e613ea133cb0ba0f4169a9aa,
506,6258caf0170ec6788d1d61779a460c15,
507,ffa995f0526560349bc4a4a0ed9a3788,
508,3176c6c4ce53313f1167cdca0748f403,
509,4b1dc113c60e08fcbcccf7fae1393f46,
510,14c6d94edd4c9dc879deea71736d8a22,
511,543cbc1ed47e1a996c3bc9a46a7bd849,
512,9017ada29353bffe29c2976440156a7a,
513,dc243af0c1537d49adcccfcdfc3eec10,
514,6ae058e1f1ad82cdb86f28b92e6a489d,
515,7d9b0ca86771e0c3ca3fdfac66fb133e,
516,81fccd8edc1cd49f5d0393b44cce3450,
517,b35bb026655771432dd6d80fb672e4c3,
518,c94599d0f22ab71a905c9c56e39f20a0,
519,2b54af64a0dfd9601271c19b4a6e84c5,
520,544fc2d54bd8e7b95a883e806422cf16,
521,c419d89f62b04eba87b84fde15bddbb4,
522,325b77a398ccd5b257ad904e1f43f116,
523,00e6cc7c674e858e3a3ea6bc4c99d71c,
524,7348d15c76575d0c71b9542951d37c7b,
525,6b9ac5d584f796d10c15115251d3a28f,
526,c7f0b5f3181bd7377b3d0d4d323577fd,
527,b3e06cfd102ad8a963d4190047c8ac07,
528,54ce64a0cced23fe929e40d268230b81,
529,ea390b0824345d6755720aa12c25c0ae,
530,1520e15c5002d9d6cb322385f81362c6,
531,ef0aa5131023bb1c1d4664a29c360dda,
532,687feaed71c9788a520cced45bf5101a,
533,b656848486c7117075e69db8cee33891,
534,f210a66e4423223ec9f4c9b98d6c37e1,
535,ecbf7edc8813c514f062f00e6ad26cd1,
536,262f62e7f5e502f562d6fb54f577b66f,
537,691b59a59a27ca682f1ded7d7673912b,
538,0a08607ff55310ce69ee56dd1b1a337c,
539,ae2019e06a5c74b470e2b39446bc924d,
540,0eb2197b88172717d063144e183c0a38,
541,b5ec464afec1423b1f44d14411301411,
542,1cdfbf853cb354322937c26eb4d32b1e,
543,cae36bfc8853cad896d9980947b320ac,
544,5806c4c1cc1e4bdc230f27e967e724f0,
545,40d8da06bcba4ba06e25508c8cd60905,
546,29561242e2c86ceeadac4b5547208f78,
547,7bbff03238a778bd63e5af5d2a33f40b,
548,d52d953ed430233e0818c7679aec3c40,
549,44b32a38e41c5afe23b7e86651791020,
550,076e2fb2b62d9f91851cfdd11dc4d3bc,
551,b6b0f201c662d0e481d9c6952963caee,
552,546c775f4172a1f022cc5d2f57f94bbb,
553,4d69af75626f94f63dfcf2f3823ece82,
554,f112e5ad8f5411c28c12f267b665c77b,
555,8b32247bd07816a896a52cecab1d52fb,
556,b31870709dc856e4eded0a1ea32bd4dd,
557,f05ae414701bcc2b573381df3e1eb019,
558,69510710e584f0ea510eb19f98c32849,
559,d5a7eb0e09a24d0a35e39a7d9ed217b1,
560,ea49a4ea14116526b37d96d11c9974b8,
561,05a00112f950dfed8b5a62337f92baed,
562,01619bef600d951a8edb1e4ab31a2fcf,
563,4cfb8a6490a51a913d7396da4c77f847,
564,26c371b6cb53ef4ab6717821217a7157,
565,d5ee5f712eb7dbc797d0762000958416,
566,ed8c72f570f70fdfc5ed2b552f8e7598,
567,59f5036828b6f074bc6c750f2f585fec,
568,89682420b85a5d3c5e00b008d3c83ee1,
569,c2bb6b1b30ed6e1c32a424cc2fb9c835,
570,3c57d523ca29ba49212d44b55803690b,
571,fedf9ad2d72d998983fe3c357711be84,
572,4aae93cff3404b95b7c7a430ea53bedb,
573,e5d15cee897aab036b57dffb4354d0e3,
574,0e2f57fa04a7371e626fd119e9356d96,
575,8ae09ace3a60a98d8da84625d4783429,
576,dbb407420d71249f40424eb5cccefdc5,
577,0c14b29537c4f0885333514f66369cf9,
578,14eebfc691f9aca719e9c9086adbba16,
579,0e916810b6d907492dc41d060ee4e60f,
580,6aa1a6ab25a991b94517e01c7a0982f6,
581,d4aaf826b141acab3ec466a19820e51c,
582,91b25bfd85dbc345f25faa5ad130a2ca,
583,adb59721180a2e1036fe6249b9667d21,
584,d06bfa8c1447913e67bc03e66008b922,
585,a4bd23b311167f0481fcc6b0982ec361,
586,6ee0f8ceac1256a8cbc79f03092d424f,
587,de2848d5fdf0f98d96cb99fbe6da652d,
588,1652b0abf5fa1a824a24de747e2757d5,
589,ea9ebb1aad355f345863994c95c37cdd,
590,efa806da85fead1ebb910bece8355edc,
591,44a143d76f4f16eb8ff254f9d5a693cf,
592,1ab954530bbe435b0740cc980d5c6024,
593,eb8b15cdcd6aaa718017013c92b87418,
594,d93df78d2992e9486a856d6fd13115c7,
595,420e8fbddb920c37bab4f12ca84472d0,
596,4145b8d2388544a92005a7a73f68fe80,
597,2070e461dbbebcca062e213ad9935aba,
598,7e0b5455bf2c189f8eec03e11ba53a43,
599,6e527994bbe7a35ee00c4385edf57934,
600,f4b13cc23c86316e72db1922a5a41709,
601,ec616668fdcc84ea069f2ff65c13426a,
602,dcb0bf3c03718ae2111d6295cd68c83e,
603,cb0a3344295c74bcb4fb42a851791759,
604,706de9f694c8f9105923c6b629e90282,
605,ec12ce4c6d50826f9a0b89f250b313e2,
606,62d061f99d037e12a7422292e99fc1e8,
607,fda5d07972bea3d27cc9b96842220856,
608,a62fd942951f259f90c7ff9395ceb895,
609,28df973e48fa0d2a0c47458576bd68de,
610,2dc1157ead54c9d9f88dac32374cd2bd,
611,f8f7a1c61978d02af8f43a2fcceb5e16,
612,a94795362b6c2f1455ca91450dcf9432,
613,d233b6f0eba12a9b42be3ad469a0f0c3,
614,68f66813cc7306059006926a36ef1e85,
615,95b4da7e077d8a77049b55f332fb6518,
616,f41220b4305465b7ca965601e5922fed,
617,7a9175ff03aa0386660e1827b3239cc4,
618,e4eafa2fd51513963d199e743e780d21,
619,a3da6b72a805697cedcc17675592a758,
620,892d054216d83feb8bc8c59823670499,
621,8ef1872a978067212e2b70830207e24b,
622,720b76980ca99ad35a69a561fc12fc7b,
623,07bd186866f6af142befa70acd94e678,
624,30a3bf84ca547bf59a3476e8069e7d47,
625,ee1481d6f9a49ab547fd4a1e488a8670,
626,127ab8701eff7d59daa83e4a20eed502,
627,9557128344fa492a657ef2a2954c0483,
628,0b7bbd0de8c5d30146604b8997702b0a,
629,f89aa21322521f2607f45ce093df8297,
630,87088cb6d4e3152a3f5d64b791b3b589,
631,b2cceec775490bf0bba7b5cc51a59ff0,
632,75e21e3cb9e8b98e15f4735f790ade76,
633,d0e9fa04f14fdea757727554fb633f0f,
634,b971a097e8ef89618a90d429b67d1a46,
635,344f3d873e6a6750f0060bf817f80799,
636,be064c35168d18257262ecfb70f9e6d4,
637,bb68597fc24a44c86a4a669a0b97dd0d,
638,b1f4ed7149ca0d882f59580b4a021647,
639,c9b32a201c396ebb702462219ae2020e,
640,c51c8cc61b8f5f73f6593e1430ce7d48,
641,312919502a48346969d65136da4ec1cf,
642,dc79826e537a5f2c392e744b94fd1dde,
643,ddb66649dc139cd045d32c1b827ad698,
644,292e2b228384298437994cf20960e6c8,
645,facbc4f6fb3080aafba5632662cac4e7,
646,0b6f26f74b0a44bac8ff60e7dd528282,
647,97a7fe227502f762fc41f82f0a76fb21,
648,864560fbfa9156eb8cf3bfb060f48aba,
649,71e0c7e3fe96e062e8c9bc2b618627e3,
650,4fc9de31399f74f787076a245754cf58,
651,3f7d9293c17347cbedfc7f8bc91fd93d,
652,38ce8d26c1d04c2407b651e97c14faee,
653,6d59762dd934273395c6e63c44ea08f0,
654,0a60a96f9a4a9fa6c8c29d92f53b89b9,
655,976e8095965e204b50f300965cebe412,
656,fad1f75afaef4ec28285cc25d72550f1,
657,2f29bd896a71da2298e9345414889edc,
658,38e653c417edb6f3807368d6dc502769,
659,0f75ae06b2f8cb2fb5df1f8ca18673b4,
660,1608139437b8195326a05343d0b8c61e,
661,df9da956b998a15d61cfc19a142b2d01,
662,b0b4b9d95ba6b189f570fe1baab7c430,
663,ea841513de5ea4ae668b59b46e10de35,
664,3578054b0bc9d4b590f54d78c24cb995,
665,36ca5076024ecfc756c801def8c55a9e,
666,4ddded8e88ffc77e5679fd9ddc327fcb,
667,abbf391cf9aba3a7ceafa5273c421e41,
668,7d49f49a80cdf0bc467d170f9f257d94,
669,07b16ac10258bc7e7fec3583259f9bc0,
670,d02a21821299b1ef5811cf1be484407c,
671,a2640d1bf6abb754908329a4925e3e65,
672,3184b963fd93c15f0e1110dc0e82a5b9,
673,636085f756e674bfe89dccce95fc575d,
674,1bacbf87e80dffc6916128a8e19bd3ac,
675,aed74cd240f1acf70b5d0a1bc5bd8710,
676,b518ba4980337a5619c39d2f26e4e77c,
677,bb7c968c5c13514a4179bfe56579207e,
678,1955a08d14800d2ab04aca8abecc1dce,
679,123859efa515ee06b0ead8d3b6638bb5,
680,63203d0ad15a1d46108e54ffa76e05fa,
681,ae9fd53604cf5331a512894c8923046e,
682,66f8ba3399aec0492f73f7578b877152,
683,4cdd01abb4ab2a055d26f796f98e1c48,
684,834b243a9a8ce686237843c14d439902,
685,5c5ffcafdc93f743b749c456c3cabd31,
686,185584fff923c82142e48b379be60fac,
687,706e1fe5c3d84d7f57789399460c501e,
688,e8c564d1fd33ade428140c6e0e7d5263,
689,73f3308bd899b75fb01e9b6b60eb082a,
690,5078a8a117e24585dfe7814bb8e04f5c,
691,c403fd3c81209afed0ecd5662a3017c2,
692,ebcac84fca804e3f56d0b7cbecaef596,
693,94fb530602510e5991bc0f3410358911,
694,8ba08cb342a9603c5672498607655df4,
695,f4d83fdd58413cad838b5a7fb32d4532,
696,3bc8812f4d55d2b7dcd5deed9ae90587,
697,bbd2b58b24c55287bda2b76a484cbdb3,
698,a445c30373c2161407ccb3eab1a18f2f,
699,d99474528f612e51085e251866624221,
700,867e652b41b7a5d766b9b3263d00821e,
701,865032eae7a9d906a7584c7c403c230a,
702,23b4820185d2391c073738d44dc2e362,
703,d8bf3f328e215a7664827afc7279fb2c,
704,079b6cd55685e29c7ff7e77b6f0a5d84,
705,38d91751d6cedcbc73494ce444726288,
706,3fda6fd571cad50f839540329449b1bf,
707,c64a77510ecab8d1b70425497bd38e22,
708,94bb1a8196b9d94ef34d8b6b0bf22a9e,
709,258966fafa61de7d419a29b8e6d57cff,
710,f4e1dbac29f8fe65d7d4eaeafbbed73f,
711,78f8852cbeaba681fcb30c8cc727a062,
712,893de4f05fd86c99386838bbf03314d6,
713,9ce59642b5fedf1aaa36027fe28384fc,
714,47b9be89605228ea76dcab9c196474c1,
715,52e6b1ad4a0280ed03a47af0cc2afb40,
716,0768270b1db4664a49a97aac58ffc2cd,
717,f9c5ff72e5b0b515b4961d7a08054aaf,
718,cb6ba9d1008ab1c8d7cda9af2eb351eb,
719,f223b802093b60cea75835a6be96cf3f,
720,85f550ddb9397fc230a8fb850097264c,
721,ef9e22c4878329e836a73ecd9f2ca32e,
722,516b3b06d199b509d95fef26aca1bd0e,
723,8b4c6334ec16495ff913200c811418c0,
724,d6f1413b08f1a763656e388106f6e872,
725,b695754bcc0666b353f4d2e35f19839e,
726,224215911129c77f34200fd8c31c6ea8,
727,c37605b9432803dbe3165c3dd627d81f,
728,a5d5c6d87cd3b5414a43d48fc690b675,
729,492209f1be2b2621b1710e5ab001c749,
730,56940e0580634e1687c9ca17011c98b5,
731,82b7225fd5c1fd6d532886e1c54986f8,
732,09d2cd4c4e80be930451164de9f9f4e6,
733,4bbfe9465eaf8bf83e3e7c1876677cb6,
734,e5be34e33a5ced7f182e0a823c0dd04c,
735,e452413a0b0687717dd74e28d1ca3f42,
736,496891e3588be2712d9e3395a8607bfa,
737,91e41a41eb336092b7877bf97febdca4,
738,840864a62807598c02bd7d94ebdbe57b,
739,2423097ec574c863c84d11284ea91536,
740,3e7ea102f4ed51113785d2434806d7bc,
741,3b156faf7ddf49e00371befdf7e6726f,
742,1ef34599a09c695708db62e82079a5a2,
743,68e6ef4c22cf731a6205c824d4b9e236,
744,96d84b412d1eb8714c8b121b2c78c0e0,
745,0f8c93be77c95a52f80ecb43b7badfa4,
746,872ce328bafd0b60222493ef35e0dddc,
747,b0b244fc66e0e4ef09e5d0c183f867d8,
748,6001cc776656d367974e7801f312287e,
749,0419aa50d329ba6b0a1e2f398f840ebc,
750,5d473f70a81127138fb63806644d5121,
751,14f7ac1f977803fb02c2d199bd870f8d,
752,7e0f17a028bb3804b7dc3057c6a3b7e1,
753,ff7da7c762f46b03607ac0d0dad9ffe9,
754,8da5b33a6b641051d2d304824aa84e37,
755,848fc53194b9de598d1d3ec99aec8358,
756,63a5e3a4653cbc5031c0d7769283777c,
757,20a9936c5663aa7d961f444624f871e2,
758,0c135737a49e3d812264bc9a5856d451,
759,497aa22f24af6e0ea6cc8e3d3e0a6da0,
760,9da0cf95068e29c6ccf52397b43e8dac,
761,2cffda11a2b4b2fb8f475f8d3b4a3f7d,
762,0797299bb38e9dc9b41e848a30dcce88,
763,621fd0b19762c3ee400556b90c434e5f,
764,3c35b272ff7460b4e2e667623feb49f7,
765,f07e9e40678b6152c236c321bb4532d3,
766,1fd74c7b0220adcfca2fafeb7350b1df,
767,a9ea357bd1c53032ff344b40f1a42554,
768,7f5644675c41beb84998507d062ca52a,
769,fdf02f805fbcf2445ad49dd43c8a41c0,
770,4ff2b666e68d6fc34c0cb4e984ee41b4,
771,da039d6694d6a5c30e6bda351f837ad8,
772,48b4e6972d72034297a3156014bdd890,
773,7d131266909591bf64d87d0ea172af4c,
774,093553ea1dbf867ebc40b41419aef790,
775,7c8fbfe3bd9a2f0988fdc9ca9146e02e,
776,33c2958276a4f3c619dc78188a211d69,
777,8dbde60c2d2280c12b28b69add1c50e9,
778,f2b86aa0778f949b835af617583af683,
779,2bde3ef856517dd955c2232a5dea7d60,
780,88a9e8d97056fc2c2022c9c2139fbd80,
781,9eab7c4a084c595a9cc5323874e8d342,
782,7f27feb61f1bad7d16853c91d0995505,
783,f7d352e59114947cb877ad5bafff116d,
784,7642b2a12014196ba55185d0d877169c,
785,1931085ae3477d9744be18abea5d340e,
786,fbfe8cc29e6b8bf8c354775e034d3756,
787,585372b99338c98d6825d4e9e1b081d8,
788,c9e4073614e01464c7ffb72d14709ddc,
789,38080667d1062cf4a664a16df762320b,
790,fc71fae2087b5007df8220eb2a145ed6,
791,086f57abfc8d6c723db5ec5ea5cca541,
792,ba03cf68e72449c6dcd7c822d6454175,
793,84902fc80d2ac3ef68189865e41f4cfd,
794,4b127db52aa29662aeb7acf1f9bf5847,
795,cc8bb6b97ba3e8ceb1feecac7021afa6,
796,61a4b416a09a097b86aacb47d0cb3b42,
797,db87ce8dc2ab85ea5a8d2d32a3adba78,
798,c4eca41071abf5269a6895f078d0e095,
799,539f6c842519ba726009510fe04df0fc,
800,22dfe2c140c0718e093a266278cce38a,
801,0ef42eea109dc63c39eb8e60497ef790,
802,636d9cfb9e947e943a6f016c5effb711,
803,722782f8a20b194bc8c714f19590859c,
804,a8fc014033feec429e92bee153f523b3,
805,152278699d090fbbbfe8b0af1ec9394f,
806,434c972c4eed5e97c4365556b6266abe,
807,73dee8354e6766fc9a9ee2a787f65770,
808,de83f230544931805303265644711504,
809,18e8f3f3d61ff6b4986c8f18bf6a6d4c,
810,350e8362232a0c6f7395ce8f1b63b66d,
811,1fa5167691524092c665b39f954880eb,
812,96a0e58aeae69d8d713fd777dda3e2cf,
813,716db92e15c84b7436939bf5c771fdb7,
814,84ae3b09084b4d019e433b48bd13e2b2,
815,89b41edd8f62385288cb52a697b2ebdc,
816,2c9ffd6ef2dad9d8f6528bb807a623b7,
817,2273105dbe198371d827ae887054507c,
818,0f07ed73322ca6b9628443e94e5aae5e,
819,81c894d00788f6a3177e89a35f8852bf,
820,fa4fab068b0541cf442031a9edac3d1f,
821,919cc06c683b74d26ae450d1d78ee72d,
822,45b47e7e3f04f1ebba633a385d7587cd,
823,624207b57b5cc04f2930e3d0d1f67565,
824,4866f8829977e9a3a0a070f4e2dc68cd,
825,1aee127e6108aab75508859855db63f3,
826,0d9cf22322c014192b65391b8ad2183d,
827,3ec605818f2d740a19a29717d87f6764,
828,dc9ecc4cd6d3a90fa4b37bbc36ba08d5,
829,fdc524b07e34e7228515cf2ff9f9fef9,
830,dea1673bca8e5acdcd5b429df05b4548,
831,9eebe2f5a967ffcf4e2cc5ae703ee979,
832,202a4f15566e1c074355bb4877e99402,
833,daf6db855bf433c7efef6274657bcb80,
834,3a9c36ab472367f72e1d609963023836,
835,503334f7867f28f4e4eab2bcedf1bfd6,
836,4ccf967eedd52d8b99e3c3230ceee54b,
837,3556322ea63e6ed5f1caf9e157f0c354,
838,cd0b8d90130cc908cba7866ba86dd73c,
839,6c17d3135c1831c7f37c7fd5739564e3,
840,ca0b4cd972bc90ce3b29cb276dac8b1d,
841,bd0906563b27ddb1dc67d58a717ca12a,
842,a8ff842f3e5cd36da1a24c1bb107067f,
843,8afb7c62ca254477d030f3abc0511c71,
844,ad8bc2df187cebb1aef76def29383569,
845,bd3ad433c01288abcdb37f61ba23e311,
846,6d9d608de9c6bad737211a422b6b9955,
847,d361c5a5f8921a884e63bca68aee202c,
848,7ff50e0b8b159bf0188578fe4ca15c3e,
849,2df3b8d00a58d8e95cccd4570d2b9e5e,
850,df3ecca4a82e9547da5f6299c3c0b354,
851,1651aabb95694d9938b6886752c52bc7,
852,e2a9b97a904ddeea53fc1565288a2e6b,
853,ac93f230a54d86b5474ad0be6e703306,
854,53628f8d22727b07e067df100fab7af2,
855,a708992ca4c293065ffd8281f38e5d61,
856,952c7f82400378e8e3caa9d978ec7205,
857,f64e46b30a145d9f994da0ba9c462258,
858,05251decba343b34ebe828ee632e52c6,
859,43c6953eab23eadd8af327141fd05d31,
860,019dece6e34ddef8fac562d1de831f6c,
861,45aebadcd83dd16c97d12421db624777,
862,ed120cb6594528bd0ae56c802f6a6991,
863,87f973ae46d42b37b2d876c6fe8d5e99,
864,7c130f777297061b204089ab4915652c,
865,772286a31471fab3e960c306783aad05,
866,8a1396ce7d770f588f77e48d48a3dd43,
867,d5d7ce727c9702bb69293099b22588e6,
868,a21a7f32d9d41cb7bea8a1d72bb4631c,
869,2619840b562b029855d3746df4854ce4,
870,ce16ac11ddd4a4149de44f17d63d2553,
871,2d1e5b472e7d96996dff54d1b4a61937,
872,a9ba1e2e925aa34788d5c9778bf679b7,
873,43d441077a9e39085bd24e56d305e408,
874,4630edd0970eda42d211c0c82a890297,
875,6775e2d58c056b863b7608a565425aa1,
876,491daa1d998591b431e3ecdefefa6e5b,
877,81f86843c826c1ef8fee08e4e842c386,
878,fbb8f2d10d87d988463966d466fb97c0,
879,a9a62e6d5a7ec79d5e141ed4a80c8e73,
880,e0f98604857a7ea170e2bbd3b2b7e66f,
881,4353fda9aa1020179cf17fd9acf5903f,
882,daabfd3282fb1a69ad1a8669c269b6ef,
883,d4572d62c4db44d49ce44884614f9c8c,
884,13e1b3758fbe6043a6e7468fd88711f6,
885,bc1308428b448b19e718894e1e76fb87,
886,9130b2d3be94648d30aca2f66138ecab,
887,bd409b3b42ad6bdfefebc014affd8178,
888,d9019431e2a64e592c7cba2de184966d,
889,0d78f91420988fc1b01a99a0899cb2f2,
890,3be20e9c226ce932c31e2b4e11753d40,
891,03cc82a14d3a37dc85efe828f35bac6b,
892,615ccae2b4a3b95b1bb72a775fb0840b,
893,1ded191e14835ea6e675f7178398a6bd,
894,6f7569619e02f50e9820689e7a06ae25,
895,1c8f46adfa10f31376df8e1801f76c9e,
896,0134e8eed42afac2470550debc7ec29c,
897,a20c971e445af81b1faf62654934d3ff,
898,df5dec4ce908025366664d2b9381a86c,
899,22c7d8f76ae240eca0fc5649483b44c6,
900,ac3c8303573c5c47d54f8b5e520d8154,
901,410728ed00401b6c6987ca7f20ab736a,
902,029e9cfd4a741b6336a59a4f4271f78d,
903,4fb1c5d4ef6d8310165c09ebcc2ab6c6,
904,f30b835b41eddaa2c314630366f48673,
905,da69f3965a2c5e4e82902257b3cc654d,
906,3b5223b5e9235f55daba03211daec489,
907,3f0a12080b6e5337071dca1f3342592a,
908,2eed1eaba4a5ccd3aa74359039719e2a,
909,4060ed67da21d5778bc4b683c262f7b3,
910,a8a5b0fe3b455fcecaea3dc44f27bc3d,
911,3cdf763457eb610dda9dec0a0b430fea,
912,2d5f2f2729eda2927cbe4cdea20b7822,
913,0666230b40f055f17bd6256372361297,
914,04081e39182ccd19a020ca98292666bc,
915,e875493e98bc84a5d81681391b67d03f,
916,aaee9f8395881b161a62a06890a45951,
917,8646aad6472cca5a9516248b18245301,
918,8e4e40b45fd4e1ff30368578285a4cb7,
919,d1af6f68fbab5f62cf89a76d65eac81e,
920,9bf63ceeaba87ad38794d57635eae439,
921,337878045db0616e5c7fa569ea001baf,
922,e898fb6eb1e4bc1de00dc1a4b47a5514,
923,32c505285b8243d2b30dbc8f2b713233,
924,96ed62b8c3cb595492e71502cdde89b7,
925,00c447c1ce6c85e3f862b3b9706d4ea3,
926,6626ebead325badd1b1510661c8a91cf,
927,d1ec7a1de2b310f9b1f21c1402152b10,
928,7e7dd664c9bfb795c7f46f532f7df678,
929,5b2ef84b1a9c74cf129471ddcfd9e420,
930,cb036edbfabe2655dc2a0973322eab7d,
931,cda77c8beed6881baf79e2b68a65d4cd,
932,1780392affeca1f40cfa8b1400f3f0d3,
933,79227281460d77e1b76e81f64339cd68,
934,93610ce0d0fd07369c83fd2547590a37,
935,e40edb72642aa8fefcd857d4359fb0cb,
936,90ceff44d6080d1382efd978a87f5dd9,
937,b7e07f11362ee8ac61e508ce3ee24122,
938,0ff71a176ff6e77cb101c09e8ceb7e5c,
939,6211ad5d546c2cd73286c5d363fe511d,
940,04757a33e7e521392e9acf5e32f082fb,
941,4e3e1d62cbd8a6d8de2aded90e0dadce,
942,37394457de5e01249adbe547c10e7303,
943,e82e4e9f3c416484246df6221cdeb8ba,
944,b394804e0f638275970e92187fb43e72,
945,239d8d8149b610ba3e5abc1e2ca3014a,
946,20cb393a4030f45a8c2364937ca1f704,
947,cb6d966a11cc231af3a577758005d127,
948,9b898922666f2d40737c419018eacb23,
949,4a2ca8482dbe215bf8874418ed0d29ec,
950,a47021d43ac414cc9a5a65d77641ae2c,
951,cf04091643982363789f44662acb1bd6,
952,6e3a3d54ca92f45444ff64c5075ebff7,
953,47169b5550f9e0fa4d9f31ad6f364066,
954,6f4c679cc8d70eb1494cfce6dd7d51e4,
955,569b90d5bedc063605c78070609a3839,
956,34006f152ff7711b5ac063e5426ef5b7,
957,bf16f00406d9eb45f0a6732c65fb77fd,
958,a3586638894d15cb83f7daec030a18e0,
959,2b923d10895c8cea86378f62d0fd0d2b,
960,a45fe0cab472d8f569d04d5ae7f16f9b,
961,b78b49ca3868ab31ab9e7c7fd1b9cbea,
962,04f21358f8e7874631b3cf5c22463826,
963,629239133e34937395929db8d346d239,
964,501852574adfb56ca47fe16fb4991130,
965,50405a6a5973d32a98c50673efd22e02,
966,c4d6d34b544667543f98b708960e7171,
967,e5a6f9283790a783b1a497b9b2f7bb92,
968,ce691b36c0cdeed0e11aa9cd1b7a81c1,
969,3e174bb0a1ea911168b16585d21d0fcf,
970,1f13b992d727bd7b8f3d2c314f60a033,
971,51070bdb52f7f90927e95473b6eaf635,
972,05dd9408fe71751889151a40351703f9,
973,395f5ab62b5a7996f9b182ccb28e05b4,
974,e41f1f2d51ec634b645f682025cb709a,
975,92cab29955f31d6cc60b12802dd09804,
976,0654056bc1b941d39c8ccaa3e28705ef,
977,fefc739161373104cd25ad485868877b,
978,a62ec4f8b0a198db09d2be5ef30aa798,
979,ebfa8f79a219f42f0aa9dd4154a7daf5,
980,a3611004030c02eef4076bdb79ed33f0,
981,83a79a59947d7b69741ec14026b9de54,
982,2f954ded9f1383b6065159734a31b69e,
983,66e4f716fffa37e4c5b68976ef437754,
984,08a0ebafbe9f691f9c18a4ee2095adcb,
985,f5145db6d7a9a503b1350fe0472d72ff,
986,678e0bd811eb3a83360d8434ece03f08,
987,3c971e3eedaa166bca672321803cc09e,
988,14b175b6bbb957ff5de553344c6cadbe,
989,89108118e38decb0308fc1cabd487878,
990,189f7e8c4a4cd86714d2f1d2ff77070f,
991,5d2d5195e7763585035eef9d0451ac9d,
992,c07059e40e78e197c0777c6852489113,
993,40cd1611e9d40b0ae1bc600c66f0ca60,
994,97c12b8e00c3a8d564d9b7c61a93c335,
995,130944a93ea669c07ca37fd658f33e67,
996,07c015cf97e60ccaff1ef861acc1d818,
997,ea769447435a68761e9570f0baae792d,
998,ed0b7afc744bd6aca0526776add3281b,
999,5fd7e6bfb326b9920f87c79b90539f4a,
1000,acbb5931574cf741238a6b50bba7f996,
1001,ea4ead000e5740d546b5225fb218ec91,
1002,645b4f23a1f0c0791f9fd4614009b33f,
1003,0930346ce84aa35f0f461c11a6a7f572,
1004,8498013423559c0c8d1a2dff691f60a3,
1005,e9499b6bd1924fcc0030f85d8d227d50,
1006,4d8b0f01ff3a35938547a9c2f6f43cb9,
1007,52476792ec8a6ab9c33291a36f8cf9bf,
1008,337a434fd13e2e81f6f76a2884c9ec87,
1009,09c701e440da08daa717058c170dcbcc,
1010,96ac564d278c5b79ccddb3d9cab0f095,
1011,eef38fb87f944124d3e8d893834f74ce,
1012,d84ec0d163b387ccbb0a475dbb29bc37,
1013,4921f5d26a33042a0596d0e508bd4c11,
1014,73d8912d352434995425c67438a0ac80,
1015,faaf80629c694f4f4c97ddae20ab2a6d,
1016,845e2a18683bf25c63dd3f376cfac554,
1017,d2030408f349f9bc04bcbe0b442ae88a,
1018,38b09e0c166207327a1ab40437c9ce2a,
1019,6ca75d5b06087445be36fb638cfeea55,
1020,af527b771d7260da694c985bc14c9459,
1021,7bd2a1980a50c2eb4871c3295d0a0e69,
1022,dcd5c6897a3123ca609b361734bffc49,
1023,714c3f495ce5f63bd6ce428bfaaafd4e,
1024,b007402e55c10f438f1eeec361357ea8,
1025,95f1a35b182fa919161d0a91c65aef4a,
1026,5749c87ca5e8ff93579e725e32674d79,
1027,e578bb1cfcfa2894d4638ee3bcdd9a6f,
1028,c2c7921450f6f1b478a8c5d54c5a15db,
1029,03eadd48197ea80b9bcfc6d390277edc,
1030,a9542755caa982107a76d9ae9c7a296b,
1031,67357dcd787269fddaf5e99b6b55ea3a,
1032,6c69d49082b83945f396d53e783da17f,
1033,5333ecd79e84f6b9f6e77fc3b9cc4850,
1034,d883050f0184892ded35f4bbe5cce68e,
1035,0d72e53860ebaa279396832ecfc7f4d6,
1036,8d72a99ae23184e113f0f4bbb5f4e215,
1037,edf1a245dcb1911697bdcf4dd42e8001,
1038,1c45daba076bc42dec65920ccfb08d5a,
1039,647d9ce046f8dcdeb7cecbb50fae0b6b,
1040,c246640c826c6951ebb6a6b499677747,
1041,b1e2a9a52c624249458aac7398961497,
1042,086d4359f0475a00304980ba16b769fd,
1043,04552a764e6e9e4feb3af5bd7a7aeac3,
1044,0e93a3b0df0687b677bfb5a121272663,
1045,b6dca64c38160079c0c03977bff4032c,
1046,cf8da015914395b790796ad9189d6c7b,
1047,06ad4f0058dd5a440ee1c597e515a181,
1048,e915a30d2b47af3bbd312a71cd61491f,
1049,4663629844cc05ed7d3efb818cfc149c,
1050,5293465fffd5767ff7bfda82d045f304,
1051,af3dbb07b5e0f49f3c92e191c9b3a8c5,
1052,7d9dd8cd511f343cb4fec73aec69ca32,
1053,baac0939ee8bbd49414ba0dcf7d102f7,
1054,bc732e53a4d4b98c5f0ffefcb07753b7,
1055,dcaf80182fde1f6556c4025259bd5715,
1056,662909a94aa69ac215524c31558adedd,
1057,370af874c0d72a7f75b2936e9310efa7,
1058,79bc11ff988500a828e57a04da7016f4,
1059,a33f6b96b272c2c65688001ba9df3383,
1060,8b81fd58cdf71d9057cf8ec9e7fe861f,
1061,9192799fce96895092ab4ab9aa55c70e,
1062,1b34010ef400672ef579972d478c1352,
1063,5360a2d02ea244af77983f7cf20f42a9,
1064,3a638a479e524a738572a88489e82264,
1065,dda409096d0d814db9c93f8e072b4983,
1066,a1445aa5c5360ec7827ef28aa4d0392e,
1067,a1d74486b62ce4ce1e510f3be8d142ab,
1068,65082444a56878362f0bb591377b6a70,
1069,cf59c080940d981fd4224bc8ca66beea,
1070,92a0e65e0209075d5ff1a6406fd73b5d,
1071,95cb44f25ab553d3819c32381a7c9bc6,
1072,ecf87aa1189f9a4d6a3ce4fe15f1c17a,
1073,6ffdd46d7968f040e81f7dd7c26063c9,
1074,770bc1d0641a38464bc76d543b6f76d0,
1075,37ef1e84dc91cb0e23c69d3620d45748,
1076,d3915bded90f50744877c390a681c933,
1077,9a1c91b8a9d52d39a2ecf641d2e11d56,
1078,7f926586bd548d5ff5ee6e6ad3d22c9c,
1079,4178e974001f7267cd8882c80f7de5e2,
1080,a60dfacb6d8c2ef622c959a352993e04,
1081,732422f4e6595c69cc9240f45bb545d1,
1082,dd2206e1a4f3b534af101b49520f2573,
1083,00e18decb4bcf093e5a12cb735dc4977,
1084,28b6951d43c3b32ad2abca60cdc844f1,
1085,c4f50e5d8b073c0b62f81e79a20b7607,
1086,92c0e4fa6532d05b383705b668b143c9,
1087,dd2ea60b918e56e611b0616bd7728b99,
1088,09555f419ccd237bc3220d450b253eb7,
1089,9eead205b278d5f1baccd72b99151f48,
1090,bec7fe35f3195b99580a14bbdaef1335,
1091,a825239c906c1587ff5558fe86506fcf,
1092,7d25bb7d26fd3d7dfb628a5bdd9412b6,
1093,dae73f8e22705ebeb557d7040b467fb8,
1094,214cf055bc707aa3b7fd586dbaa002ef,
1095,119d18e731bd93772694d1262d4dd80a,
1096,0353a0bef3ef7ef3306e83c981a33449,
1097,a83dfe0fb75c08254636d297d401e794,
1098,ad3d0c5f4903a57a6528acba48079efb,
1099,4100329f29e0765a60cc25d5e12e7978,
1100,b44c0b8cca3e12258896f1e48785082c,
1101,778e8c1d5bc1d0c62ecadf240a945c0f,
1102,19d8dfb3b172976de3f7a9300eaf8107,
1103,66414499db06d6e090bafab7920a707d,
1104,c24985cdcccda11641690f4e287addd9,
1105,bf1adc1bda405d6619c5a4b22051f1c7,
1106,77e58dcbc9d66cc886e53f64f9b1216b,
1107,ce9ec0bf3d529e4330b5e0d4089064b5,
1108,ec7a6c16738a937c61740bbf8adf8e60,
1109,45408a9b99aee58d169e8ccda2b68ace,
1110,db333b145c110d1f68c5d0e3b32dd1b0,
1111,1040dc8bc524ea23681970331dfaef62,
1112,7ee77bd2bc5fa885fa7d5149191a1146,
1113,b81d5aef0239643a5b4270f3ac5b280c,
1114,cda4ee1059703cb4899585afbb575c7e,
1115,0f992d8261a406df93231bf6c2fa82e3,
1116,a840fc7d16e6fa5ef3da375693dfb8b4,
1117,a06665743bf4bb0ac37b892cd6a97847,
1118,b21af002d234513b16f0ec7baec95b82,
1119,a55cf610840d0b87f5c9fc6a294876a0,
1120,01ac6640537bca38d44f979820dc5dc7,
1121,b77d23974f373f1b4f58de0246ba43a1,
1122,97c1fd5c1065a85379ed0c582e056416,
1123,d1bbb07f2ac4c3da119e70a5feb0e673,
1124,9fbe8339132084ad6e5699e75b471c9a,
1125,cbbefe84e6b17a6dde078ccf3feb0cc3,
1126,4fcd31d8364fb7d64fd5f8820c909a66,
1127,cb636e758631b7bcda0038f6c6f8b92b,
1128,b94c5d06436a45f8cb0d82fd9ab1179e,
1129,603f52619fb17a52e9a3c57594719e41,
1130,ac6d5f26ad4eefd1aea8e4445270499b,
1131,b89783a229316df10d281215e7530589,
1132,d6236b0139e5546cb546aed1f40c6ca1,
1133,b9f5f0abad13f799c798eee2a950f125,
1134,4d13a13ccac847a5d3568cf20fd06f54,
1135,2a5e8831ec192374e8bf9e02b25d19a9,
1136,68cffc4fd27e056d2b112cc83c89d4c6,
1137,6ef03c637a3fbe2ed8b0abb119e1ad39,
1138,72aca6e7fe5c8d72440f56cc6782f867,
1139,a291639d9bb87c3eb74dfa4947872241,
1140,1cb587cbaf5fb9188ac978c5c32af65f,
1141,787e727f16aea2f690d979573cba20dd,
1142,ac3abba638d061daaf14cf4bb3660912,
1143,a2e5f889cbcbf1e57763d63987ef2cb1,
1144,8f645db19e908375bfb7aeb2613fb1f9,
1145,49f104c4ec0b3f0b8ab7759be13d9728,
1146,01a0727eb5e60f37028a9c83814d78c0,
1147,4704b159dd4b4a36867b7560386cf515,
1148,3523f6635e93fa2e6fb86578bbb5c548,
1149,3d838b9f3e49e91e41f683efc5ac20d6,
1150,7cd8dafd74f439ed50740982730a0b71,
1151,2aaf754ed18ddba1fbc0c1eddb989f4c,
1152,718a67ac3ff5671e4d9a2ddc25df6e07,
1153,cbf1b3af51185239494609eee1776e26,
1154,4f99ad5b0af64109e80487488b33cacc,
1155,b3138b8390d0bbf37e329248bcad589e,
1156,f0b2f9aef07ab84e9c170ba6f33db06f,
1157,faa86c9367138a05a5c09c6d91682c66,
1158,77b25df18df599f8c9d00816e36d1212,
1159,cc70ee1d4a0e99ca2d330c84e39ee912,
1160,772555df4fb71c1af2ff901044f2fdc9,
1161,22e5814624e83c1b3e5e838d702f7a77,
1162,ab226e8a1ed9b103d3af203aa8c378f1,
1163,d28a56c638f8b9e3aea5fb959d03fa55,
1164,fd0af9491f2068a63b90a095c9c43d24,
1165,be420b7c6fb21e5ff7f0d9a67df92ea3,
1166,b84a28a3ba7ad0c1142094b18d23797f,
1167,37c649f68dfe99a4ea012eb2848d3b2f,
1168,0f7334d0de08243e463c52de66a422a8,
1169,337bea80924014842d45d6889b1bea04,
1170,5d7c3824ca4dc978715c5819f9705ccf,
1171,45353bf85a123df183d49ca716301310,
1172,715a1d1ed53fc69f58f3026d7ed86bca,
1173,060220db99eb745d20c2568609f8b2e9,
1174,9ed094d98f8b6df0b152d2b16674767c,
1175,117f057695b164cd4a133b924929a1b3,
1176,f36ef40880d2bc33d479bfb90f105b39,
1177,10a72d0c1af16e5ab19c164cacfc8a64,
1178,064651579269c9dcea33daeb8395ff57,
1179,d6ef331a152c7422561397292bdacbdd,
1180,76c7bedb00a638d66deb119666468ce6,
1181,897b02d57841f31fecce7f5ba9f06728,
1182,f7f855853e522da4992e79cf4c03ea5a,
1183,e8cb489d6fa24cfb68d7a47d73a43582,
1184,89f41d7718c26be50aba571140a59011,
1185,3618c184582717180603de788f98bd5d,
1186,4bf0ef070c75aab4d3286c3c99ed8d09,
1187,cf0818cb14c84097fbc669c9c3c585b0,
1188,815a36f98be8cd2ae48288adc4704f56,
1189,9183224fa18d9daa50232f33f7717014,
1190,056b08b8e0f72f0e862c05695f36a0d4,
1191,eec00af0e9acba11b35f544b47ae8b18,
1192,9d8841afec6065f465d24c1992b97991,
1193,13234055e83d09b1545249c3ca7d3ae4,
1194,95fc13c2b4da3d54390d1a6e53a3f087,
1195,d0eb92e7b342bd60b95f597fb8cc0dfb,
1196,80f4ac058eccc97acd697a729993db96,
1197,6ea628493ecc369e51b50c5197dfe455,
1198,20fdd46da80bc608a92e6ab234fbf633,
1199,ba2e20ef459f185be67dd7455ebac9b7,
1200,827959a209185538eb88b980254b57ea,
1201,0217ad22d808a13e8062ffc43d5f65e0,
1202,82b49e68849d1b5a0ec95c2728588294,
1203,845c22dc88180d3407eb0746abec32d8,
1204,6f38701fcac5571dfb83912ef26e4468,
1205,d5c74081304c43195040a7477d6d4799,
1206,5346c36536b9da40d8a08011253b9cf8,
1207,e631f4d13d978d6c2a90e1e46598fe6c,
1208,9ac98d54b54d58dae2457f078684adfb,
1209,7623509ce3212a58204963b50d6989c7,
1210,bb69f4f35a70a34c83b18875585da6b8,
1211,e0ba47445dc5afcb65706aad64290128,
1212,09bfc5ebc8277105185718a89afe45f2,
1213,dfcf2cbfee4fe2470e4f964322cd8fb4,
1214,214d723a98ec605955b369659c80c2f3,
1215,3cfdedb6318f814deb83fb47a907dd44,
1216,771750d4045fea2dd5d326edaa8da8d6,
1217,ec52e965e9b096cf1ecba7e9998eeb32,
1218,ab5fd5fa1a1e7354586a4472c8809516,
1219,2213ff0f77512426f022ef1cec4fe4aa,
1220,df6d8777263cb64adcca4272335021a3,
1221,c89ba4b42d6d8dda949e8b758277b857,
1222,5b3344ac945ad5b0bc0e0e647124ba10,
1223,b5a51b35916fd352d22d914c76bd1601,
1224,fa5be9cfc932259c7cce3f5fc6ac6639,
1225,9439dbb7653b707ac7bd7270957443ae,
1226,7ad9c941abe46ec6e9fff58048d881e9,
1227,58a3433a212c3747c8ee7fa5ec3aa101,
1228,c7e2f399b815436ee37a0f0fa061afb6,
1229,92ee8b1f302ca3bc1ce8c44d16e2bac0,
1230,434f855fa800cc36fd7d766c76a6a16d,
1231,affb191665be842db3c801e47ee47bd4,
1232,76d140c5f513608ddb47bcd1c2f479ad,
1233,5203d99e3ea042b23688c5fb51e29eeb,
1234,01f61ec54b67492b1aa55522784672c7,
1235,0fe0ac66d25769d8f1cd2c0e9ccf0682,
1236,8a69f5e7030cc24bfcc41128c2b7eb14,
1237,04a1caa011cb673a63a98c52c754fa55,
1238,3c4d1e304e3d3fb6d25e3c0f99b3b626,
1239,08fc5139069bdbdb135a91fd46518f18,
1240,67c73f17d15d236df24c7b8e7eb7df66,
1241,30aa40c3a99c688c7c5a07d284454e43,
