exam_schedule,the students number in each time slot,courses,
0,1417,a7ace5a53b5d51611355ec1fc8791b83,7c5baed522607ce312a9aa9bd0df6a79,55a732f7a33f79ae981191e947206bdf,1afc1a781166981c737fe40ccc5c6a7e,1aaa82c9af9b5bb08d723ab9ff21bd21,80c0735854df83c4a528b494dc2c3d40,b283121f332a075d6bf23ecf9e79e3fd,7b0c6e4a84939e9df7fb36bf4e644054,286ec91d5ba5e4d85f5aa91d81660f0d,179c8aa21194c7996965423a9c79fef0,cb9838b368a99e0e3cf579a9d243ceac,e268383d8234305b41e159c0367bbeff,2c8d420bb6cdd5797af7eef36ad76b45,cec8c9e2507b0b42a3e6ce8eb955ab08,507bc7ba7801453aae0ba170f220c5f4,4f055fd4990e1fed85c37469b4b46d6a,fa8b802c045249ac045d2165e33b5496,b8ca836e5ab5abe6cb7a37b8419abf64,c5839ade363dda4f6d8b80fbed2e5c01,e95061ceca15bba8cd95bb27197de41e,9254bc2d0d97e2145d90ef40ffd66cd3,4eee034939ae58393ec253c72bee1ce0,1798131b8b674f11d51579bce16ca544,3c244204ae9cdc534e6928f6c0fce1ef,186b65182569761d74bddfab7ec85891,7417713259b2f201e2a83a8a4498167c,a1a19237ed7d0852e184f69cd8226032,9f785a6aa407f3118ba113e2d593ffe9,bcaaa5beb2dc79cb93ddb35769f33ae5,
1,1575,59fac0bdc894cb8a56c089a61f3fd4ab,3490f52237d89d778c3a60e9badfe450,aca839481ddf80e49ede72696d51dbd0,908e755abfa29c58385dd95a69f53ac7,0141d06a871e0a5779339763f31c298b,52883dd431f20d62d377694c9136a4d8,02ae650fc027c96b274ddd4a8c36be4b,d7aa6ec90804ae400a1fce9482a1493a,578f41fa034c8976602f4d0ad39ac9ac,3b52441a72671a73df9f11e5b8a321e3,157f048fce3f5d3eca4949494718784b,d0adc9e69f8ae4ef5dc6b67504c65e12,6db82e38ba406c5fcf6e22dcfef9bfdf,03f10797eaac21d0c0e49c1fc68b7e43,2ae387b5f21c9bafe4314a4ea200ffdd,e4a5f72ae0ee8bee80a5b833f29b2a0d,727c7299f176b7e218aebf24dc8ca0ce,b29e83ecd9fc0bc1464e9d661a0fec49,9f04fcfad2dd77b4be46b7dd568bd634,4b1a05a3c546e03fa5029e71f8bbdf03,aae8074fb94282245951eb955442aebb,d51c77ba7f9d48e0ec736c9717fb9260,e2504fc7af728dbd36ba63b2c26f4e82,56eca99d66450648c8c5557ceffa64db,
2,1426,c79be3b35b291dade02beb43bcb64674,bc76b4b24bdabf2784757572505ad92d,3d00d07d1fe17b40cff247ea2bb0633b,cf5a1fc1454d21a89bd208f2ed871720,acc6553a22a9b013bcad014adef76358,bc3876958c6f56feb902e5b4a645c70f,ed65bd9848d1ea014d7b5a8b6c734d69,cc163fec733b73832766e7ef17720212,ed97d1536d22b7790d6f30b11594cf37,79ab8d2e740c21eafeb03421f5c3067b,
3,1648,5a36190df0c40769ed2c6169702377f4,4b2bcde2768e9e9dcaf1406eb4f5e69a,e703eb1758b283f5e517d8c02bf2e7cf,e0c76f59d60774dc3495261839d7d275,
4,1414,29e509b79ff084bd99c9710e3e552798,bead46439c2ce5871909462227eb84de,0d1067d5df63986001ca73195d65d63b,1a1cae93f36d2e8beccc8abd514794ca,bb6726cbe6db7c1f7cc785a28f2cef63,12142c6abf51484e2695563993560256,39581917be43b5344a15c9d1a110caf8,415e1e07bb85f7d15732fa9af95bfb25,7bf738f1b2eaad0d709bd35f9a66ab61,
5,1498,864d3196032b5498591f78b1d46a7562,d3b1f5c7cef4126d4e2fa6b22decd3c5,
6,1454,eef49b95f1c841d1c9c220bdca33aca9,922e7377e86d9d4aebd05a6728c99155,1c242c3e71e42facb2de5d33c0e9632b,0633b382fa85d9f1643c258e37076610,b1808c55b8a09285d0f624b48aa7b46c,55c588e015d920c78baa0626e8cc360d,585ffb3e4f06149d6523d81399f5c36f,45eed4577d667f7a13c42b37ec13bb68,7af3fd9d87418aa2ea2d7328fe957876,4ec1dafe738d5aeb5a86186d9f00faf9,cab79bc37369b493e4319552d6c372d2,e3fea695100f4d5acd63b736099b657d,24962395f5833b4eccccad13b0da6f71,13938d406281a86855e3dae7ab1a4f33,9986a3b7d5aa0b26e9765234ba8fc5e1,af12bb400d0e096b4f26d3b7ea2854ab,69e1b1fb45df834922501320f4c5aac1,d22b48e05e80bcf9b806008e70c1cba6,09a5593601ec0e90eb604013bf8788a1,5d1e0173bf25db134af14cbbd858c073,18eb1ca5285c198efc872c0649456daf,1ac8c3cc02232616f96ce6534b8ce3ff,c219f540a5288bd9d1ec4364a93a9e0e,8196430df594d6ef09ed9822fdd76a39,300203e506ad3909528357ea478e85bf,
7,1615,0517f568f950f031c2fe14ae7c56c2ff,71b66312e764fc5bda51389e07fe38fc,500aa64e4cdb2b458c8e1cad5c022297,c4dbf3e6cf3658fbe8cd0fbf1378f6d1,7bc40b76c36e546c7494a77e02a47936,027f7dfe30f9b6f542660b21b591bd13,45e1a9f9b3a64c1e247df60dd3d8767f,5710feaafedd85350b1619b31a694b2f,
8,1406,d7d34606c29589d9a3ca06acde8318ec,6c04de1d6873bcc03813d0d1a9f73136,0c4096f3028c7bf59ba2464cdb03cb31,8cad4593492c937a057012f0facad5f1,35dc072e79aef35cc1c4dc353154d0ca,36329b49204e09b9794732f8b7cce526,5305d1f34e3f61d09e4b78bace71d2c1,1824a2416c3a3a5ae93203c79ca3be98,e2ad28b95982f35d59889884103511b1,98e3f0a5ade34c7eda215c08968acc1f,4f2985489cfa7aca9f282a1d75e2315c,dc477c14ee40eaa15a37cc6305522c7e,befe9f1b382ca08dfe7b35789577e38b,f04ea1adf1178f15283aef37b3f6e606,3c527b6a93ee2a1cb6eff1442f27d4e8,3e62a7f1fdfbf5e3154947dc27461be0,f2b7ab0d83102f34bc9319cd3cd4a7ce,2465dad72f92ff00b7afd462400359ea,
9,1551,c57f45abf69a946f03024b144a941b8b,
10,1517,8f6e9b6970ade85128e9a235cc5a0400,
11,1438,d87d1212bf2471fbca7816cbeddc9106,9aea985a233c008fea729856248866f0,2a8bc16c583893bcf31bee4c57aa97f3,2bc587c8a7be50acac663c1cf0fcab44,1be3a6ce273ebc2a886647e63281eb01,27f836ba98913b11d66186d6a7685ec4,be3960f038017a5f4217e8e055fe12e2,1e1c52b6dbd668c1270a59723c7e2fe4,9e006aa876ece0627e3f2ae9e73f6e13,99c774e4c5c8aafbdda81f61dd507751,1d1a9c965764eab77f4da4993b9db8da,4d1ff5b70b46ced8ff15e79e55be6204,17b79a57bf6eef2f5646605baf812b32,3f696793ee959ca54e4b47e2de92bcb4,
12,1702,a0e70ba06eec6e1aeb4a37cfc109516e,
13,1476,1edaf2dc86f1c2dd6bd2d1ed40893660,df44b884635938bb83eb58918a4dd40d,f1e428984578baaa93eb9ad006dfede7,865de26f1fe501820e9ba002b73869ff,ea1e27aceed0128fa2478df84747b9ab,8977d1ec98ae44d714d3089fec161781,2e6e2e9c7eeba13173c39f73e7445769,dd037b99a91150a53c661891aaa4309f,70557bfb7757cfb07002119ef22d26fd,6bbcb43c01f5de81c4d83e92f7244529,c40515834b6d1b5c82c1384d09ffeff2,877ffedfbf72b04fee8e26fe7918d048,a88241eb0a32919a221d6ba1d0e39eb0,c0774bd094db512298ed43ee0b135b59,79eaf797376802e0d9317520b5a22a1b,0e8ab02802632f707d12a15e116ae327,7d7e18dc44151da1ccc7dbf6af5b2b07,2617126c3587f7131fa90452fd60390f,3d582eb26695667722f4b3bbb07d7321,45968f416863048d45df37a795dc598b,8c183515d32aa1ede46381ca0a353d42,9d944d7b0ef1ae658d1007f51b2f649a,
14,1402,fd3e6aa84cee2a4e6e3a256eab9167e4,751713c80003a4a559a111185c590af9,1a0ce615017d912c061a343165dd179f,38d0a4ff93376edf1641caa78a5569c4,d5992607dde31e62dfce07bfa05925ca,34828919632dcfda7b02c33c0feb1b47,8c909980b3fd23fba850c9b701f33bfd,a2c04c8f2d5e493d7929c148e435e207,dc78e90c3a10a5b3118d431b48407a04,6cebe1309541c3e37bc458ac59c9d25c,1f58378a72294ab3b64e2a36141a7073,3e6c3b0b217ca55ab38d3bc1a09b6fa9,79d9196a033e48344162c67f98b16faf,84edcc7a61b64a11ae991bdff661bd61,61ee1edbb6948e15778a6f6d3bd57fb4,f763c149c2da4db31b5fe1c947217af5,291a78044f965cc1889c222e15bd9721,cc4e25376417abf5ff632fee1f6801bf,3ead237bb3d59feaa4584ee97131eeeb,97d00152706ef802f20d7e4f4f7b3e32,6f181907ee497b708b632f162eeb8747,3d14405ef993349f1598a1f7a8ed4779,0ad2e09d043574586c26af2b54d97f64,e0f7bc8458e037e066209f72d4ce6731,8dd8bca568fe5d5d2b5191f616913d0d,0dc7a6370e641e3ed45f1650e324362c,30bd0ef5ed7a4682e64871945aa78841,3e8ff55e50b2d83769195af9de00f3f5,ec706bcc624c1bc2f2a85ddc7768c108,cef2ca4060c829b4c6e93c27524f2fcd,dbec404912e1fd8dc67da4ab9916754b,34f4455844cfed114e111b9ea0cb6ffd,b3e5b54556d0b5de40c907974ca7b2c8,ce0bc4815356327cb6c9bf05643c9a51,c4fcd5d5add48f419c80b699d709be5c,85a77354c569cbe2b1f201ae47ee8500,
15,1415,dcfe4e47c0cb9c61e4c1d4a469d9e0d6,cbd7823d71bba929606f376a4792326a,1c517856112aa0d2a2bbadc22f6e0741,ca0b399c5b11c9c415373dec044823f0,440be79dd061a40dbe4b3c305a34ddec,f187a11382fdd9a0bf22c37af16076eb,e55039d699f7ee11471edb2d93b092fc,1a83d4c9d431c1deb0ba408bf3053b70,71df614923ca5b0f197c0fc6907df8aa,f405b0cb24ae67be06309e8cc78b4eb3,795604d0659ed729a144c88b34e8de3f,2c607243325003016106c74db7c8549a,561e80d1f626ca2cead18e68f82fcfa2,f3e050065fcec61bed9200307af01a4c,997519c9e8477c05eb72ab8c3f4a6e21,1e820963149cb5c06cbf7d266c92f9ec,441c1232d9f3033b64938c3a4eb96a73,f3e7e7b53715b87618d83e5c6cf2b75e,a9d4e7094b6a0cc4bc976e09e743af2e,34a25b16a2bbe70db35c4235f6f19179,b22ab58364d7062e4dcfd1ad95ad9a9d,ecd0f492d3dee00f94dc605b1ea0fd39,0888ad58f09372be9fa381b1c76291f0,8764b638a82f8852bd57a3790e903d45,7759f3d9a41618f78550a7202d1f2d2c,7a42b2305a23ac50271d5cab07607701,3d840fa4345b5d12a7fbe3bfab4adc5d,281f229aba099e745a0b48a033babe46,165defbca9b7b718e28cf63db4cb8817,cd514ef0991aab55195b3f24747a7565,f18c11fe86a6629f829bacff02caba97,
16,1415,e55c1ed5c6bf2330cd02a76fd9e7c159,1dd7c3f86398169b9d359235c9255bab,519dd84631029111a972ea65fe26fbbb,10adc06cfb2d440fe102f76a2c1dbf5f,e8d35fc47a4d992fbed079057b95df2f,0a1f04139daeb5926e18dc61623f6cc5,0a661e3941ea326fafcc03b21694c74f,3dcbdf945b24168949e55f13d81034c2,e2ccaba2a3869c8fc23359b319ca3d62,504455163fbc1576c4f89d0bf2e071be,43d553add070d5ebf753c2b1bb3ddb15,478e576575da2248e7828561e967b816,e9b8d5ca15956e78af13ced720c83368,a0c19ec094ceae24cc565e18ee0c5593,56131a41390b70d44f7bd6e3ca09283c,584f25a4d35d7d69914bf1eed3592b99,54b1226c7478cf1ff61ae8f5fd0d7944,5d75aa735f6bc300cb487c04d17abf08,ff56c9c8a9034e9a84d0bb1e325824df,0f5edfae53ef0f827977b673f35e3f74,ef68caef5b8477a1baf0d0a7082ce263,82df23dab51e3dbf41c2396998bbb29d,2df5249c419a1ad1d30128065c4169bc,b0885a61a9c0b6988ffb36afe5e594d5,edf4877c40d6db178172b81450a749e0,318a8d7b10a9c0ac94577430e60bf476,
17,1408,261431401b795e3e046586f5ad0732ca,c58dbfe49c5bb750b419fbc72fbef157,d9612d69273793d77032b1932489bee5,38ce32fa41fcba1bbcad351941de417b,f728ab1ea7fd9e48f6ebaa315769e020,eb5907e3bcba5cc97efd4a8a32f16b5a,2d975cfba8228e47342ad59e2318c964,4bcdb4b99a6f6bd5146631e490abb4d4,e9bb7e2e6c75c6ef54fe1fe29d274b20,0b18495d9aacaf29a47ceaf1118c4d5c,e97c07e432516bb3d3b6628a9537e725,66c4df726a39443767cae472aa13fd9e,ddd3b0cbf40c05ee1775c1d01e716150,12bfd49f498bf59efce501010b80e025,d551a883ba1047635071937db8aab570,b5ec1e37959ce7a131e8514c48a9d3dc,
18,1401,b056e22c46772f6d8c342a6ed09642a7,147b40a9577a4b520cba7e565b20bc24,f04899a058ee933349662832233dbc17,9b35d6227c23e0e4469f953d1aee7278,62a0e34ff22878321968d2cb7b23592b,8a1c91d2c16ec6c038ee9de3ee296be4,290fb4de9ea8b663f22782270a6efea2,1302613cb6e2fbd1a7e37f8b5d6827c6,f4bcf489f54396bd341a06247c8432ba,4778f77bfed4f4e569aa3839a5883b09,7a4bba38f96e7e44070eba6bc355c742,b5bcab279b3997ebba2f44484d147f50,cb0b5dc5e658bbe416758c9dd83c332b,fed4a0656687c3ac790b9521789b0064,
19,1432,7ef21e379279317634841cf32ccef69c,9dcf12290e6a46c986dae3ede46c44c8,f10268a70aa85311a5fd89ea8f44d0e5,91378aeb6adf8657f42a4412fc6e8e6a,6dd0630c5d02dd7f2672fff031be13eb,0bd55c2108bfccf44a5433de5f3fe4bc,a013a4f0508288d405e8ea7e0b119563,2e8ff0a05846b353454494c2f22f6b93,6c2558bd9a051fe6724b6d4344425625,1baeebae1c39222deea1dccd0876e3ba,6bbb35eb0d94ded833c9e641aa158540,793b0af1d719e50bfbb4d2b4bb3a6634,ae237c5c2c06377a8fe0c464b8f402e1,59dc3d165ec623c7e55f7886440864be,1f21aff66110ae42d9b0f15aa889d4e1,596359b50033c28d97ab9c02a0c4e1e1,
20,1412,f9fa03a0c23314cfbb059ec7abb9faec,edbc14949433cff9156b8f426086f53a,2755b18c4441e748939e033c6c4c3527,0bc2a6a340415f795637564d2af272fa,0f193b0d09756bbec3996182eff7439c,49715bfe8315e2c9a453d1e108fa4a20,5d7fa8505447e8b759893b1de58d7d00,56336961b5b89525b41112244fe1a17b,5a501b814b32738daf5b57db1d95b18d,d6818687835f715f8fb762732ed4d569,b3ac6f73ffc6f0106eac96bb97df030b,39b38e5684ef345d38fd3f0f7cc83cdc,3407a1b82f0bc22f357a51fe13e448de,36c4a4c2e376af3fbef75dcb92f0d3db,7842c7a130a848bda0e20ff9ac261710,bfcd4ab2633c5b7dcfceb8015f3be5f7,a998db2194fed30590835be9beffbcb8,d464295d9b90a17b4a6fe62164bb9f5e,aaa8e158a1425522d41c1301383143d2,0c1bc73ef60e287a2f926d3bfe0989aa,193a163ef0d29f9c1825b19452a014e8,e389b19bda31923da831a0244939f906,af3be082c06f7784bac77bd61fafce2f,c6711269fc743e739a546ee552de6314,01ff1eee089508f3d2f9e7e3e0163251,11087bb70d7d9a2b66048205d3e6efad,ab9c01ba4a32bd3ae9948883a2150257,59e5fd965ea3f20daeb49df9d9cb8320,72157cc927e0142d1696837e7831f438,
21,1512,390fc10f5130289bff0f46664c40efec,d0b2be6f4d43a667c209a42c554cc8d0,d24f467dc013ed6383a0024d45b42951,b673048a4898acfb5c8350e7108e4a91,fc7a1fd2ba03ad48bbe73bbdee3fef7d,961ab7db88be35554205262fb92d3547,480e35434965d377edfbc0cc9f73e097,ede7609abd5ad9706dbb046b3649c871,885ea90645062388a195ef91c7de8cb9,19d2a7ea99d8a8aad2d8a4c3cf7a2da5,83d72d177da4f34e04a3a91e2b111d0f,c0f8bd6ab26c90aa524b03b6013ecf6c,
22,1469,1cf8f8d8e72f2af7afd81ec912067285,8d36d1af824c98fbfb1cd0cca633d904,3cb8b0e8ef98823862dec0f8fdfa7354,17ec71978a98199dc32a458ec332bb24,4bb3f2704223a6b36bd2939a6b6134b1,be4cd9ea2fc0707ffdeee5e6a3ac76bd,d0d543d17f495f3825b9cbd5738e2446,8e2195b7c486ff3a1bd67b28756eee05,4ab392c631fc2e0fb2b98c92935db867,034b64e01b025d0b7ff0e6b0d7a3bd1f,87cfc9945abb314f0abca2f1e4e77418,d8996f263c8342d6a1a52bdd2098c4bc,0b3eee6dd0bd40f98ddc7977329215dc,1673a3ea69b16dc383e03fcc2fddef84,411c8280e75b4f1d61277741c0c77111,293b613cf32dfc3565186b5fe78e6f4a,b4cc83699b6bfa61cb672244fa258d04,d08c00dab1562bae964c1866f5a8957c,9bd51320665f1e2634cd0ac8e92036e0,e123076b22f5e76e05acab792d7ce0c1,
23,3296,26c3b3740797b2da926412331c47bb9f,
24,1418,ce3197f729e8f4c72acb2207a5f357e0,6b2cb5d12077bdd0472eaf21f58ecbee,d38e8d28a5bfd5172eea505e952f46e3,e382c7236cc804327ee4b4f60f5c7383,3a2147868a3ae0a47c62f5bfd197f437,46ae38972a2e64cc580e4febf8346665,9c7f68a6387ef1397d72b836fc54dd31,07ace0d9ddc03050adca7896e9920f3e,bd4eccd2eb47fde3c427f0c8430b5e03,5e63cabf20ddd6a9855f13341d8c0fa1,bdda3b20838e99f379b3e0d909f077d2,2445899500bc52c8737fbd59d05c8339,
25,1402,389d24151542bc25ddbc548afce528b4,83f00d0373a11b8501cec1d0d5c24116,89ed4a1af05ce3c698f88b6b698f8ab0,a86c9970944b481dcb66f928ff2b0233,f0a95f310db982f2d04c133ac4d17f63,c1bb8f1d92126a7d4c0dec957d8c6443,a16a28d88ec9258ba9ebb3d4ccb18064,11ea8cd05d62f477481dcc1c45fb20b4,5f2be8954c8fd6f0b61a01f70bb00e2c,a20fa2aba20786470f34c20db87e23db,95f9b7c8dfe08014b2d0a0f7bd25e175,5702cbb74c387cb729fc346c9c439adb,93602929070ab96bfc808019bc1e968e,2f91b95adc8fe5c8f02456d502164250,b05a1a4c88238447ecad6f374ce2505d,91e12ea93784d7ec706c01304c969100,f97823c251988daa4489b29c0407ffcc,a895efbd8e1290885c3b409bb2aaa7dc,e62368b5b1ca4b08c96627e3730a8789,4b672cdf1bb687120adba87057403545,f9e361a562b8851c266e7a1920e21341,b804ef71a8fa82e15788bf6d31f8a9eb,9e3a7b63933be0ef11a99a8b71c6ef31,
26,1409,7f4d5c254541f1330d8dc69a97353979,adc1477e8593178d5fdbc5fbef838ca7,2eb8df87342512ce9e77f66ba04d69e0,539161bdc41ba5bc75b356c448778af9,c872c97ab8676f2991d2e5d09c6d80c0,4a7d0350ee2266f36ea6cd754eb05743,3db7fdb4e28c280ce50d7847c49258f3,000685f70b9f14ad603f31e9ce9092c4,626cb28b378342dff961eec303e4b383,99140f8b0089f6e3b220aa0a751ca939,079bd8e180dcd098ac20e602f8ab8cdc,9761e3dbe2b389a19a4a3ee958b45f7c,16ea3e60ecba5526b0fdce02a30f3d99,4f1a6de039a46efc4471ddf45860d16d,8b5b966390b19978d474024ccbfa2c40,9a13af218cba5cab2e2b1804fa77b47c,98315a4c428a592eb88ad88d5c7b5765,ffa995f0526560349bc4a4a0ed9a3788,14c6d94edd4c9dc879deea71736d8a22,543cbc1ed47e1a996c3bc9a46a7bd849,c419d89f62b04eba87b84fde15bddbb4,325b77a398ccd5b257ad904e1f43f116,7348d15c76575d0c71b9542951d37c7b,b3e06cfd102ad8a963d4190047c8ac07,54ce64a0cced23fe929e40d268230b81,
27,1503,fa10c59adc0965118d7d7bda0bfe5e42,d46311f1a0a12b6a30d04e58f9de2eb3,ffa280c013d2794cb280ea85f71ca04d,a352f3b06ad086ccfe0380bb1ff32c93,a42d80eac737028efa9174f53f4f0b12,8227ef6260c34b34dcce8a3c7c2f72ec,f0c08db8b879c4a30af98305b9334294,a1a3454f87bf1b077bd8ad5349eb1ef0,a7e5cbb9d365c928af9b4c273c543f30,34672cc95f49146faa59e54fbead773a,0beb45e541435d065d236b1f741668de,db77713a6a306b33bb033acf8e3b4a81,087d072af34b57d4306644b67a7ef952,14a03ef56ea9bbcda20b0478683321a5,bfbddb04454b997751484b2cd4b9e80d,a75f30e1660a53579f9717fad4ec603e,4b1dc113c60e08fcbcccf7fae1393f46,c7f0b5f3181bd7377b3d0d4d323577fd,ea390b0824345d6755720aa12c25c0ae,ef0aa5131023bb1c1d4664a29c360dda,687feaed71c9788a520cced45bf5101a,cae36bfc8853cad896d9980947b320ac,076e2fb2b62d9f91851cfdd11dc4d3bc,ea49a4ea14116526b37d96d11c9974b8,4cfb8a6490a51a913d7396da4c77f847,ed8c72f570f70fdfc5ed2b552f8e7598,59f5036828b6f074bc6c750f2f585fec,
28,1480,bb7bfe3ae4429678374af713f715e191,52702280049059a29bd2f18df48ad358,b38b95ca5235f7c3bcdc00e8c48f2d57,f8e8e1a8fd78e700bc7116c0b9770a2d,5735614cadb5ac5dc0ec9fbf9ff4072d,7306b1bdaaf08f73bc7d445130c135e2,9af8e1aa20592a3e371a62c879ff16db,d4ac0fe7f4dd4d75852889f00228e7ea,37dfac72cafb0707d840a7d4308e5d96,605dcd442ff30750e65db8517a68c336,a66817697476ca6ad26832b2858386a4,9ef8c4b4b0efc7dc27280bf8a3877281,84c892cacd5e6e2b4490bfc55a789ac7,72077fd8151ad5a1950af997ab2b1ee9,9ac425ef2d46f358ffe79226a7dd9695,ba25c269aa2823cf7288959378a96481,b5b0067722b4db17de96321df0b65f1b,f210a66e4423223ec9f4c9b98d6c37e1,0eb2197b88172717d063144e183c0a38,1cdfbf853cb354322937c26eb4d32b1e,
29,1401,9bf03c2feda1e325bf6edc0749eee076,7a0bd4207a258827da61630c4e32c1aa,ad99c19f1f2659e431f0e9285c18767b,106f24e721cbed191dbd4826daf9429a,7ad351657c4d6691bd64bb925420407d,a52e52c39408a112e18498f0d7fe153e,86b2168a24e941e438e628e03d0c864f,a67a59a7415c1b8185269ae07a4f3a8e,a49a28a545a393d002dce41c1201b48a,512d68dd8e6556568d40de30e4be6243,8514bf3697458b5570133402608e7759,efa44c068ca360be45b566271b9b0987,629844bed4eb48e14b00e19c2a49d0e7,3c701ba380b732eb7ad38040acf93517,ef076011f77dae9d9b9b240c05ac1c75,6b9ac5d584f796d10c15115251d3a28f,40d8da06bcba4ba06e25508c8cd60905,d52d953ed430233e0818c7679aec3c40,44b32a38e41c5afe23b7e86651791020,f05ae414701bcc2b573381df3e1eb019,
30,1403,0fce76620a8a6f70828ed3f4267c65bd,af372e4aba52e4c3da0be33ceeb965af,0953388d726c45664f681bdb4dc44480,6d7ff6d3026b0752592fdb190ee6d003,613cdda9718578cee63c7082d3268a90,8bc053df9c0bc260cc116b2d8a687627,c2f96206e2a117e702498c6963759a2f,7d63e6b463c64b22561b854859ba7d90,970d761815d0cd6f27bf7ddcc4250887,2d2de601ceef4a23aa42419f648333e9,ad80c37535ee3266ec9f2d1c4a9da8a7,271ab0ea604250c42c8c43e5a289878f,9017ada29353bffe29c2976440156a7a,c94599d0f22ab71a905c9c56e39f20a0,0a08607ff55310ce69ee56dd1b1a337c,29561242e2c86ceeadac4b5547208f78,546c775f4172a1f022cc5d2f57f94bbb,
31,1418,650fc1bfee9d2845d3518eeca4b21f44,07d51039610a54070aad1ff952e5544e,fe9f44321fbf45201fcb879d91e255c1,8171e3f96a52a6950a906de02093f1f2,05e677a0ca2abb01872fd5bb1da73c07,9c4edeaf5c82142c1192befcb1a6d747,0ece2bfb7c0758f0fab5f0c4f71de19d,ceedcb48e613ea133cb0ba0f4169a9aa,1520e15c5002d9d6cb322385f81362c6,262f62e7f5e502f562d6fb54f577b66f,691b59a59a27ca682f1ded7d7673912b,b5ec464afec1423b1f44d14411301411,b6b0f201c662d0e481d9c6952963caee,01619bef600d951a8edb1e4ab31a2fcf,c2bb6b1b30ed6e1c32a424cc2fb9c835,3c57d523ca29ba49212d44b55803690b,0e916810b6d907492dc41d060ee4e60f,6aa1a6ab25a991b94517e01c7a0982f6,de2848d5fdf0f98d96cb99fbe6da652d,1652b0abf5fa1a824a24de747e2757d5,ea9ebb1aad355f345863994c95c37cdd,efa806da85fead1ebb910bece8355edc,420e8fbddb920c37bab4f12ca84472d0,4145b8d2388544a92005a7a73f68fe80,f8f7a1c61978d02af8f43a2fcceb5e16,7a9175ff03aa0386660e1827b3239cc4,e4eafa2fd51513963d199e743e780d21,9557128344fa492a657ef2a2954c0483,75e21e3cb9e8b98e15f4735f790ade76,dc79826e537a5f2c392e744b94fd1dde,97a7fe227502f762fc41f82f0a76fb21,
32,1402,f2168d0d02d152648c9649b4d5e9395e,bb8928cf1f08309a7dcd9b7acf9f75b6,c566628df8299f26fef080841620e0bb,9159ff343c9b51682e7d4ac8c2173ffd,b04ceac9d9f40ca3f34b2899c1fabf89,c16b920a4a68f72ad5eb00724f168ccf,dc243af0c1537d49adcccfcdfc3eec10,81fccd8edc1cd49f5d0393b44cce3450,2b54af64a0dfd9601271c19b4a6e84c5,ecbf7edc8813c514f062f00e6ad26cd1,ae2019e06a5c74b470e2b39446bc924d,5806c4c1cc1e4bdc230f27e967e724f0,8b32247bd07816a896a52cecab1d52fb,
33,1411,832d711e429af5224af26c1a2a61e8df,5ca8131f86ea931d6aca969f860c94e0,7f6fe3decf85811f166e5118d7696d4e,e4a3fd44bf7a09a5d5b5a2401d4b5b69,71d6bc93547e738cbc312f0173eaa362,f282ea8397b746abcec0d15309ada0a4,b31870709dc856e4eded0a1ea32bd4dd,69510710e584f0ea510eb19f98c32849,d5ee5f712eb7dbc797d0762000958416,fedf9ad2d72d998983fe3c357711be84,e5d15cee897aab036b57dffb4354d0e3,8ae09ace3a60a98d8da84625d4783429,0c14b29537c4f0885333514f66369cf9,d06bfa8c1447913e67bc03e66008b922,a4bd23b311167f0481fcc6b0982ec361,62d061f99d037e12a7422292e99fc1e8,fda5d07972bea3d27cc9b96842220856,95b4da7e077d8a77049b55f332fb6518,892d054216d83feb8bc8c59823670499,127ab8701eff7d59daa83e4a20eed502,b2cceec775490bf0bba7b5cc51a59ff0,d0e9fa04f14fdea757727554fb633f0f,344f3d873e6a6750f0060bf817f80799,c51c8cc61b8f5f73f6593e1430ce7d48,0b6f26f74b0a44bac8ff60e7dd528282,71e0c7e3fe96e062e8c9bc2b618627e3,38e653c417edb6f3807368d6dc502769,abbf391cf9aba3a7ceafa5273c421e41,07b16ac10258bc7e7fec3583259f9bc0,
34,1411,ac32d4dba2435ed91fe329a76474d06b,f7949c3f64b8024f0c79c9fbd7823787,6258caf0170ec6788d1d61779a460c15,7d9b0ca86771e0c3ca3fdfac66fb133e,89682420b85a5d3c5e00b008d3c83ee1,4aae93cff3404b95b7c7a430ea53bedb,dbb407420d71249f40424eb5cccefdc5,14eebfc691f9aca719e9c9086adbba16,eb8b15cdcd6aaa718017013c92b87418,2070e461dbbebcca062e213ad9935aba,6e527994bbe7a35ee00c4385edf57934,ec616668fdcc84ea069f2ff65c13426a,2dc1157ead54c9d9f88dac32374cd2bd,a94795362b6c2f1455ca91450dcf9432,f41220b4305465b7ca965601e5922fed,a3da6b72a805697cedcc17675592a758,ddb66649dc139cd045d32c1b827ad698,38ce8d26c1d04c2407b651e97c14faee,0f75ae06b2f8cb2fb5df1f8ca18673b4,ea841513de5ea4ae668b59b46e10de35,7d49f49a80cdf0bc467d170f9f257d94,3184b963fd93c15f0e1110dc0e82a5b9,8ba08cb342a9603c5672498607655df4,f4d83fdd58413cad838b5a7fb32d4532,3bc8812f4d55d2b7dcd5deed9ae90587,bbd2b58b24c55287bda2b76a484cbdb3,867e652b41b7a5d766b9b3263d00821e,23b4820185d2391c073738d44dc2e362,94bb1a8196b9d94ef34d8b6b0bf22a9e,f4e1dbac29f8fe65d7d4eaeafbbed73f,78f8852cbeaba681fcb30c8cc727a062,9ce59642b5fedf1aaa36027fe28384fc,52e6b1ad4a0280ed03a47af0cc2afb40,b695754bcc0666b353f4d2e35f19839e,496891e3588be2712d9e3395a8607bfa,840864a62807598c02bd7d94ebdbe57b,7e0f17a028bb3804b7dc3057c6a3b7e1,
35,1421,e30cc1e2fab5957999adf09318197b7f,6ae058e1f1ad82cdb86f28b92e6a489d,544fc2d54bd8e7b95a883e806422cf16,00e6cc7c674e858e3a3ea6bc4c99d71c,7bbff03238a778bd63e5af5d2a33f40b,26c371b6cb53ef4ab6717821217a7157,adb59721180a2e1036fe6249b9667d21,6ee0f8ceac1256a8cbc79f03092d424f,44a143d76f4f16eb8ff254f9d5a693cf,d93df78d2992e9486a856d6fd13115c7,7e0b5455bf2c189f8eec03e11ba53a43,f4b13cc23c86316e72db1922a5a41709,68f66813cc7306059006926a36ef1e85,ee1481d6f9a49ab547fd4a1e488a8670,0b7bbd0de8c5d30146604b8997702b0a,be064c35168d18257262ecfb70f9e6d4,0a60a96f9a4a9fa6c8c29d92f53b89b9,a2640d1bf6abb754908329a4925e3e65,1bacbf87e80dffc6916128a8e19bd3ac,bb7c968c5c13514a4179bfe56579207e,1955a08d14800d2ab04aca8abecc1dce,185584fff923c82142e48b379be60fac,73f3308bd899b75fb01e9b6b60eb082a,38d91751d6cedcbc73494ce444726288,3fda6fd571cad50f839540329449b1bf,c64a77510ecab8d1b70425497bd38e22,224215911129c77f34200fd8c31c6ea8,c37605b9432803dbe3165c3dd627d81f,
36,1414,63598d5fccb4aa29b6ab7df356c220c4,a24bc8be6f3a4f211caa2787c8173ef1,3176c6c4ce53313f1167cdca0748f403,b35bb026655771432dd6d80fb672e4c3,4d69af75626f94f63dfcf2f3823ece82,d5a7eb0e09a24d0a35e39a7d9ed217b1,0e2f57fa04a7371e626fd119e9356d96,dcb0bf3c03718ae2111d6295cd68c83e,f89aa21322521f2607f45ce093df8297,c9b32a201c396ebb702462219ae2020e,facbc4f6fb3080aafba5632662cac4e7,3f7d9293c17347cbedfc7f8bc91fd93d,fad1f75afaef4ec28285cc25d72550f1,d02a21821299b1ef5811cf1be484407c,b518ba4980337a5619c39d2f26e4e77c,123859efa515ee06b0ead8d3b6638bb5,ae9fd53604cf5331a512894c8923046e,834b243a9a8ce686237843c14d439902,5078a8a117e24585dfe7814bb8e04f5c,d99474528f612e51085e251866624221,079b6cd55685e29c7ff7e77b6f0a5d84,8b4c6334ec16495ff913200c811418c0,09d2cd4c4e80be930451164de9f9f4e6,
37,1412,b656848486c7117075e69db8cee33891,91b25bfd85dbc345f25faa5ad130a2ca,cb0a3344295c74bcb4fb42a851791759,a62fd942951f259f90c7ff9395ceb895,6d59762dd934273395c6e63c44ea08f0,1608139437b8195326a05343d0b8c61e,36ca5076024ecfc756c801def8c55a9e,636085f756e674bfe89dccce95fc575d,66f8ba3399aec0492f73f7578b877152,47b9be89605228ea76dcab9c196474c1,0768270b1db4664a49a97aac58ffc2cd,f9c5ff72e5b0b515b4961d7a08054aaf,5d473f70a81127138fb63806644d5121,14f7ac1f977803fb02c2d199bd870f8d,ff7da7c762f46b03607ac0d0dad9ffe9,8da5b33a6b641051d2d304824aa84e37,9da0cf95068e29c6ccf52397b43e8dac,0797299bb38e9dc9b41e848a30dcce88,f07e9e40678b6152c236c321bb4532d3,4ff2b666e68d6fc34c0cb4e984ee41b4,33c2958276a4f3c619dc78188a211d69,f2b86aa0778f949b835af617583af683,88a9e8d97056fc2c2022c9c2139fbd80,c9e4073614e01464c7ffb72d14709ddc,722782f8a20b194bc8c714f19590859c,18e8f3f3d61ff6b4986c8f18bf6a6d4c,
38,1417,05a00112f950dfed8b5a62337f92baed,d4aaf826b141acab3ec466a19820e51c,1ab954530bbe435b0740cc980d5c6024,ec12ce4c6d50826f9a0b89f250b313e2,28df973e48fa0d2a0c47458576bd68de,720b76980ca99ad35a69a561fc12fc7b,b1f4ed7149ca0d882f59580b4a021647,df9da956b998a15d61cfc19a142b2d01,63203d0ad15a1d46108e54ffa76e05fa,cb6ba9d1008ab1c8d7cda9af2eb351eb,56940e0580634e1687c9ca17011c98b5,e5be34e33a5ced7f182e0a823c0dd04c,2423097ec574c863c84d11284ea91536,1ef34599a09c695708db62e82079a5a2,0f8c93be77c95a52f80ecb43b7badfa4,0419aa50d329ba6b0a1e2f398f840ebc,7f5644675c41beb84998507d062ca52a,7d131266909591bf64d87d0ea172af4c,f7d352e59114947cb877ad5bafff116d,fbfe8cc29e6b8bf8c354775e034d3756,4b127db52aa29662aeb7acf1f9bf5847,61a4b416a09a097b86aacb47d0cb3b42,350e8362232a0c6f7395ce8f1b63b66d,1fa5167691524092c665b39f954880eb,96a0e58aeae69d8d713fd777dda3e2cf,84ae3b09084b4d019e433b48bd13e2b2,2273105dbe198371d827ae887054507c,81c894d00788f6a3177e89a35f8852bf,dc9ecc4cd6d3a90fa4b37bbc36ba08d5,dea1673bca8e5acdcd5b429df05b4548,9eebe2f5a967ffcf4e2cc5ae703ee979,202a4f15566e1c074355bb4877e99402,bd0906563b27ddb1dc67d58a717ca12a,a8ff842f3e5cd36da1a24c1bb107067f,ad8bc2df187cebb1aef76def29383569,6d9d608de9c6bad737211a422b6b9955,d361c5a5f8921a884e63bca68aee202c,1651aabb95694d9938b6886752c52bc7,2d1e5b472e7d96996dff54d1b4a61937,43d441077a9e39085bd24e56d305e408,1ded191e14835ea6e675f7178398a6bd,ac3c8303573c5c47d54f8b5e520d8154,f30b835b41eddaa2c314630366f48673,0666230b40f055f17bd6256372361297,6626ebead325badd1b1510661c8a91cf,
39,1496,f112e5ad8f5411c28c12f267b665c77b,8ef1872a978067212e2b70830207e24b,292e2b228384298437994cf20960e6c8,4fc9de31399f74f787076a245754cf58,976e8095965e204b50f300965cebe412,3578054b0bc9d4b590f54d78c24cb995,aed74cd240f1acf70b5d0a1bc5bd8710,4cdd01abb4ab2a055d26f796f98e1c48,5c5ffcafdc93f743b749c456c3cabd31,e8c564d1fd33ade428140c6e0e7d5263,d8bf3f328e215a7664827afc7279fb2c,258966fafa61de7d419a29b8e6d57cff,91e41a41eb336092b7877bf97febdca4,96d84b412d1eb8714c8b121b2c78c0e0,848fc53194b9de598d1d3ec99aec8358,63a5e3a4653cbc5031c0d7769283777c,0c135737a49e3d812264bc9a5856d451,1fd74c7b0220adcfca2fafeb7350b1df,da039d6694d6a5c30e6bda351f837ad8,84902fc80d2ac3ef68189865e41f4cfd,0ef42eea109dc63c39eb8e60497ef790,152278699d090fbbbfe8b0af1ec9394f,89b41edd8f62385288cb52a697b2ebdc,919cc06c683b74d26ae450d1d78ee72d,624207b57b5cc04f2930e3d0d1f67565,3ec605818f2d740a19a29717d87f6764,cd0b8d90130cc908cba7866ba86dd73c,952c7f82400378e8e3caa9d978ec7205,05251decba343b34ebe828ee632e52c6,ed120cb6594528bd0ae56c802f6a6991,772286a31471fab3e960c306783aad05,d5d7ce727c9702bb69293099b22588e6,a9a62e6d5a7ec79d5e141ed4a80c8e73,615ccae2b4a3b95b1bb72a775fb0840b,410728ed00401b6c6987ca7f20ab736a,1780392affeca1f40cfa8b1400f3f0d3,90ceff44d6080d1382efd978a87f5dd9,37394457de5e01249adbe547c10e7303,9b898922666f2d40737c419018eacb23,a3586638894d15cb83f7daec030a18e0,629239133e34937395929db8d346d239,
40,1446,87088cb6d4e3152a3f5d64b791b3b589,4ddded8e88ffc77e5679fd9ddc327fcb,c403fd3c81209afed0ecd5662a3017c2,94fb530602510e5991bc0f3410358911,893de4f05fd86c99386838bbf03314d6,f223b802093b60cea75835a6be96cf3f,d6f1413b08f1a763656e388106f6e872,82b7225fd5c1fd6d532886e1c54986f8,20a9936c5663aa7d961f444624f871e2,48b4e6972d72034297a3156014bdd890,8dbde60c2d2280c12b28b69add1c50e9,9eab7c4a084c595a9cc5323874e8d342,1931085ae3477d9744be18abea5d340e,fc71fae2087b5007df8220eb2a145ed6,cc8bb6b97ba3e8ceb1feecac7021afa6,539f6c842519ba726009510fe04df0fc,fdc524b07e34e7228515cf2ff9f9fef9,daf6db855bf433c7efef6274657bcb80,ca0b4cd972bc90ce3b29cb276dac8b1d,8afb7c62ca254477d030f3abc0511c71,7ff50e0b8b159bf0188578fe4ca15c3e,8a1396ce7d770f588f77e48d48a3dd43,4353fda9aa1020179cf17fd9acf5903f,bd409b3b42ad6bdfefebc014affd8178,0d78f91420988fc1b01a99a0899cb2f2,03cc82a14d3a37dc85efe828f35bac6b,1c8f46adfa10f31376df8e1801f76c9e,a20c971e445af81b1faf62654934d3ff,a8a5b0fe3b455fcecaea3dc44f27bc3d,
41,1401,d233b6f0eba12a9b42be3ad469a0f0c3,07bd186866f6af142befa70acd94e678,30a3bf84ca547bf59a3476e8069e7d47,312919502a48346969d65136da4ec1cf,2f29bd896a71da2298e9345414889edc,a445c30373c2161407ccb3eab1a18f2f,516b3b06d199b509d95fef26aca1bd0e,4bbfe9465eaf8bf83e3e7c1876677cb6,3b156faf7ddf49e00371befdf7e6726f,68e6ef4c22cf731a6205c824d4b9e236,872ce328bafd0b60222493ef35e0dddc,b0b244fc66e0e4ef09e5d0c183f867d8,621fd0b19762c3ee400556b90c434e5f,a9ea357bd1c53032ff344b40f1a42554,38080667d1062cf4a664a16df762320b,ba03cf68e72449c6dcd7c822d6454175,636d9cfb9e947e943a6f016c5effb711,3556322ea63e6ed5f1caf9e157f0c354,df3ecca4a82e9547da5f6299c3c0b354,ac93f230a54d86b5474ad0be6e703306,2619840b562b029855d3746df4854ce4,d9019431e2a64e592c7cba2de184966d,df5dec4ce908025366664d2b9381a86c,da69f3965a2c5e4e82902257b3cc654d,e875493e98bc84a5d81681391b67d03f,8646aad6472cca5a9516248b18245301,00c447c1ce6c85e3f862b3b9706d4ea3,79227281460d77e1b76e81f64339cd68,6e3a3d54ca92f45444ff64c5075ebff7,569b90d5bedc063605c78070609a3839,34006f152ff7711b5ac063e5426ef5b7,a45fe0cab472d8f569d04d5ae7f16f9b,b78b49ca3868ab31ab9e7c7fd1b9cbea,e41f1f2d51ec634b645f682025cb709a,a62ec4f8b0a198db09d2be5ef30aa798,
42,1556,706de9f694c8f9105923c6b629e90282,b0b4b9d95ba6b189f570fe1baab7c430,865032eae7a9d906a7584c7c403c230a,e452413a0b0687717dd74e28d1ca3f42,3e7ea102f4ed51113785d2434806d7bc,093553ea1dbf867ebc40b41419aef790,2bde3ef856517dd955c2232a5dea7d60,a8fc014033feec429e92bee153f523b3,2c9ffd6ef2dad9d8f6528bb807a623b7,1aee127e6108aab75508859855db63f3,bd3ad433c01288abcdb37f61ba23e311,e2a9b97a904ddeea53fc1565288a2e6b,43c6953eab23eadd8af327141fd05d31,45aebadcd83dd16c97d12421db624777,4630edd0970eda42d211c0c82a890297,0134e8eed42afac2470550debc7ec29c,22c7d8f76ae240eca0fc5649483b44c6,32c505285b8243d2b30dbc8f2b713233,0ff71a176ff6e77cb101c09e8ceb7e5c,6f4c679cc8d70eb1494cfce6dd7d51e4,e5a6f9283790a783b1a497b9b2f7bb92,51070bdb52f7f90927e95473b6eaf635,fefc739161373104cd25ad485868877b,83a79a59947d7b69741ec14026b9de54,678e0bd811eb3a83360d8434ece03f08,
43,1405,85f550ddb9397fc230a8fb850097264c,3c35b272ff7460b4e2e667623feb49f7,7f27feb61f1bad7d16853c91d0995505,db87ce8dc2ab85ea5a8d2d32a3adba78,0f07ed73322ca6b9628443e94e5aae5e,45b47e7e3f04f1ebba633a385d7587cd,0d9cf22322c014192b65391b8ad2183d,3a9c36ab472367f72e1d609963023836,2df3b8d00a58d8e95cccd4570d2b9e5e,53628f8d22727b07e067df100fab7af2,ce16ac11ddd4a4149de44f17d63d2553,a9ba1e2e925aa34788d5c9778bf679b7,491daa1d998591b431e3ecdefefa6e5b,3b5223b5e9235f55daba03211daec489,aaee9f8395881b161a62a06890a45951,5b2ef84b1a9c74cf129471ddcfd9e420,93610ce0d0fd07369c83fd2547590a37,04757a33e7e521392e9acf5e32f082fb,a3611004030c02eef4076bdb79ed33f0,3c971e3eedaa166bca672321803cc09e,5d2d5195e7763585035eef9d0451ac9d,0930346ce84aa35f0f461c11a6a7f572,4d8b0f01ff3a35938547a9c2f6f43cb9,337a434fd13e2e81f6f76a2884c9ec87,38b09e0c166207327a1ab40437c9ce2a,a33f6b96b272c2c65688001ba9df3383,8b81fd58cdf71d9057cf8ec9e7fe861f,dda409096d0d814db9c93f8e072b4983,
44,1402,b971a097e8ef89618a90d429b67d1a46,bb68597fc24a44c86a4a669a0b97dd0d,864560fbfa9156eb8cf3bfb060f48aba,ef9e22c4878329e836a73ecd9f2ca32e,492209f1be2b2621b1710e5ab001c749,497aa22f24af6e0ea6cc8e3d3e0a6da0,fdf02f805fbcf2445ad49dd43c8a41c0,086f57abfc8d6c723db5ec5ea5cca541,de83f230544931805303265644711504,a708992ca4c293065ffd8281f38e5d61,7c130f777297061b204089ab4915652c,a21a7f32d9d41cb7bea8a1d72bb4631c,81f86843c826c1ef8fee08e4e842c386,6f7569619e02f50e9820689e7a06ae25,029e9cfd4a741b6336a59a4f4271f78d,4fb1c5d4ef6d8310165c09ebcc2ab6c6,d1ec7a1de2b310f9b1f21c1402152b10,cb036edbfabe2655dc2a0973322eab7d,239d8d8149b610ba3e5abc1e2ca3014a,66e4f716fffa37e4c5b68976ef437754,189f7e8c4a4cd86714d2f1d2ff77070f,c07059e40e78e197c0777c6852489113,ed0b7afc744bd6aca0526776add3281b,e9499b6bd1924fcc0030f85d8d227d50,faaf80629c694f4f4c97ddae20ab2a6d,d2030408f349f9bc04bcbe0b442ae88a,03eadd48197ea80b9bcfc6d390277edc,1c45daba076bc42dec65920ccfb08d5a,0e93a3b0df0687b677bfb5a121272663,5360a2d02ea244af77983f7cf20f42a9,3a638a479e524a738572a88489e82264,dd2206e1a4f3b534af101b49520f2573,00e18decb4bcf093e5a12cb735dc4977,28b6951d43c3b32ad2abca60cdc844f1,a825239c906c1587ff5558fe86506fcf,19d8dfb3b172976de3f7a9300eaf8107,bf1adc1bda405d6619c5a4b22051f1c7,7ee77bd2bc5fa885fa7d5149191a1146,b81d5aef0239643a5b4270f3ac5b280c,a840fc7d16e6fa5ef3da375693dfb8b4,b77d23974f373f1b4f58de0246ba43a1,
45,1410,706e1fe5c3d84d7f57789399460c501e,a5d5c6d87cd3b5414a43d48fc690b675,2cffda11a2b4b2fb8f475f8d3b4a3f7d,7c8fbfe3bd9a2f0988fdc9ca9146e02e,7642b2a12014196ba55185d0d877169c,585372b99338c98d6825d4e9e1b081d8,73dee8354e6766fc9a9ee2a787f65770,87f973ae46d42b37b2d876c6fe8d5e99,6775e2d58c056b863b7608a565425aa1,fbb8f2d10d87d988463966d466fb97c0,bc1308428b448b19e718894e1e76fb87,9130b2d3be94648d30aca2f66138ecab,3cdf763457eb610dda9dec0a0b430fea,d1af6f68fbab5f62cf89a76d65eac81e,6211ad5d546c2cd73286c5d363fe511d,b394804e0f638275970e92187fb43e72,bf16f00406d9eb45f0a6732c65fb77fd,395f5ab62b5a7996f9b182ccb28e05b4,40cd1611e9d40b0ae1bc600c66f0ca60,97c12b8e00c3a8d564d9b7c61a93c335,ea769447435a68761e9570f0baae792d,acbb5931574cf741238a6b50bba7f996,645b4f23a1f0c0791f9fd4614009b33f,52476792ec8a6ab9c33291a36f8cf9bf,d84ec0d163b387ccbb0a475dbb29bc37,af527b771d7260da694c985bc14c9459,c2c7921450f6f1b478a8c5d54c5a15db,edf1a245dcb1911697bdcf4dd42e8001,04552a764e6e9e4feb3af5bd7a7aeac3,9192799fce96895092ab4ab9aa55c70e,1b34010ef400672ef579972d478c1352,a1d74486b62ce4ce1e510f3be8d142ab,6ffdd46d7968f040e81f7dd7c26063c9,732422f4e6595c69cc9240f45bb545d1,dd2ea60b918e56e611b0616bd7728b99,09555f419ccd237bc3220d450b253eb7,214cf055bc707aa3b7fd586dbaa002ef,b44c0b8cca3e12258896f1e48785082c,66414499db06d6e090bafab7920a707d,77e58dcbc9d66cc886e53f64f9b1216b,0f992d8261a406df93231bf6c2fa82e3,b21af002d234513b16f0ec7baec95b82,d1bbb07f2ac4c3da119e70a5feb0e673,4fcd31d8364fb7d64fd5f8820c909a66,b89783a229316df10d281215e7530589,2a5e8831ec192374e8bf9e02b25d19a9,ac3abba638d061daaf14cf4bb3660912,
46,1262,c4eca41071abf5269a6895f078d0e095,434c972c4eed5e97c4365556b6266abe,f64e46b30a145d9f994da0ba9c462258,daabfd3282fb1a69ad1a8669c269b6ef,96ed62b8c3cb595492e71502cdde89b7,cda77c8beed6881baf79e2b68a65d4cd,cb6d966a11cc231af3a577758005d127,4a2ca8482dbe215bf8874418ed0d29ec,1f13b992d727bd7b8f3d2c314f60a033,05dd9408fe71751889151a40351703f9,89108118e38decb0308fc1cabd487878,09c701e440da08daa717058c170dcbcc,eef38fb87f944124d3e8d893834f74ce,6ca75d5b06087445be36fb638cfeea55,6c69d49082b83945f396d53e783da17f,d883050f0184892ded35f4bbe5cce68e,e915a30d2b47af3bbd312a71cd61491f,baac0939ee8bbd49414ba0dcf7d102f7,79bc11ff988500a828e57a04da7016f4,95cb44f25ab553d3819c32381a7c9bc6,7d25bb7d26fd3d7dfb628a5bdd9412b6,dae73f8e22705ebeb557d7040b467fb8,c24985cdcccda11641690f4e287addd9,ec7a6c16738a937c61740bbf8adf8e60,45408a9b99aee58d169e8ccda2b68ace,9fbe8339132084ad6e5699e75b471c9a,603f52619fb17a52e9a3c57594719e41,ac6d5f26ad4eefd1aea8e4445270499b,b9f5f0abad13f799c798eee2a950f125,68cffc4fd27e056d2b112cc83c89d4c6,1cb587cbaf5fb9188ac978c5c32af65f,787e727f16aea2f690d979573cba20dd,4704b159dd4b4a36867b7560386cf515,718a67ac3ff5671e4d9a2ddc25df6e07,4f99ad5b0af64109e80487488b33cacc,b3138b8390d0bbf37e329248bcad589e,f0b2f9aef07ab84e9c170ba6f33db06f,cc70ee1d4a0e99ca2d330c84e39ee912,fd0af9491f2068a63b90a095c9c43d24,be420b7c6fb21e5ff7f0d9a67df92ea3,337bea80924014842d45d6889b1bea04,5d7c3824ca4dc978715c5819f9705ccf,9ed094d98f8b6df0b152d2b16674767c,89f41d7718c26be50aba571140a59011,4bf0ef070c75aab4d3286c3c99ed8d09,056b08b8e0f72f0e862c05695f36a0d4,20fdd46da80bc608a92e6ab234fbf633,214d723a98ec605955b369659c80c2f3,fa5be9cfc932259c7cce3f5fc6ac6639,434f855fa800cc36fd7d766c76a6a16d,affb191665be842db3c801e47ee47bd4,01f61ec54b67492b1aa55522784672c7,0fe0ac66d25769d8f1cd2c0e9ccf0682,08fc5139069bdbdb135a91fd46518f18,67c73f17d15d236df24c7b8e7eb7df66,30aa40c3a99c688c7c5a07d284454e43,
47,1331,ebcac84fca804e3f56d0b7cbecaef596,22dfe2c140c0718e093a266278cce38a,2d5f2f2729eda2927cbe4cdea20b7822,9bf63ceeaba87ad38794d57635eae439,b7e07f11362ee8ac61e508ce3ee24122,20cb393a4030f45a8c2364937ca1f704,14b175b6bbb957ff5de553344c6cadbe,96ac564d278c5b79ccddb3d9cab0f095,a9542755caa982107a76d9ae9c7a296b,67357dcd787269fddaf5e99b6b55ea3a,4663629844cc05ed7d3efb818cfc149c,dcaf80182fde1f6556c4025259bd5715,cf59c080940d981fd4224bc8ca66beea,37ef1e84dc91cb0e23c69d3620d45748,4178e974001f7267cd8882c80f7de5e2,ad3d0c5f4903a57a6528acba48079efb,ce9ec0bf3d529e4330b5e0d4089064b5,a55cf610840d0b87f5c9fc6a294876a0,01ac6640537bca38d44f979820dc5dc7,97c1fd5c1065a85379ed0c582e056416,cb636e758631b7bcda0038f6c6f8b92b,72aca6e7fe5c8d72440f56cc6782f867,8f645db19e908375bfb7aeb2613fb1f9,3523f6635e93fa2e6fb86578bbb5c548,7cd8dafd74f439ed50740982730a0b71,2aaf754ed18ddba1fbc0c1eddb989f4c,faa86c9367138a05a5c09c6d91682c66,772555df4fb71c1af2ff901044f2fdc9,ab226e8a1ed9b103d3af203aa8c378f1,b84a28a3ba7ad0c1142094b18d23797f,060220db99eb745d20c2568609f8b2e9,f36ef40880d2bc33d479bfb90f105b39,cf0818cb14c84097fbc669c9c3c585b0,80f4ac058eccc97acd697a729993db96,e0ba47445dc5afcb65706aad64290128,dfcf2cbfee4fe2470e4f964322cd8fb4,ab5fd5fa1a1e7354586a4472c8809516,c89ba4b42d6d8dda949e8b758277b857,5b3344ac945ad5b0bc0e0e647124ba10,b5a51b35916fd352d22d914c76bd1601,9439dbb7653b707ac7bd7270957443ae,c7e2f399b815436ee37a0f0fa061afb6,92ee8b1f302ca3bc1ce8c44d16e2bac0,
48,1079,4866f8829977e9a3a0a070f4e2dc68cd,13e1b3758fbe6043a6e7468fd88711f6,8e4e40b45fd4e1ff30368578285a4cb7,7e7dd664c9bfb795c7f46f532f7df678,92cab29955f31d6cc60b12802dd09804,8498013423559c0c8d1a2dff691f60a3,b007402e55c10f438f1eeec361357ea8,b6dca64c38160079c0c03977bff4032c,cf8da015914395b790796ad9189d6c7b,92a0e65e0209075d5ff1a6406fd73b5d,d3915bded90f50744877c390a681c933,9a1c91b8a9d52d39a2ecf641d2e11d56,7f926586bd548d5ff5ee6e6ad3d22c9c,9eead205b278d5f1baccd72b99151f48,119d18e731bd93772694d1262d4dd80a,0353a0bef3ef7ef3306e83c981a33449,a83dfe0fb75c08254636d297d401e794,cda4ee1059703cb4899585afbb575c7e,a06665743bf4bb0ac37b892cd6a97847,b94c5d06436a45f8cb0d82fd9ab1179e,01a0727eb5e60f37028a9c83814d78c0,37c649f68dfe99a4ea012eb2848d3b2f,45353bf85a123df183d49ca716301310,815a36f98be8cd2ae48288adc4704f56,13234055e83d09b1545249c3ca7d3ae4,d5c74081304c43195040a7477d6d4799,e631f4d13d978d6c2a90e1e46598fe6c,09bfc5ebc8277105185718a89afe45f2,ec52e965e9b096cf1ecba7e9998eeb32,df6d8777263cb64adcca4272335021a3,7ad9c941abe46ec6e9fff58048d881e9,76d140c5f513608ddb47bcd1c2f479ad,5203d99e3ea042b23688c5fb51e29eeb,04a1caa011cb673a63a98c52c754fa55,
49,1221,4ccf967eedd52d8b99e3c3230ceee54b,6c17d3135c1831c7f37c7fd5739564e3,04081e39182ccd19a020ca98292666bc,337878045db0616e5c7fa569ea001baf,50405a6a5973d32a98c50673efd22e02,845e2a18683bf25c63dd3f376cfac554,714c3f495ce5f63bd6ce428bfaaafd4e,5749c87ca5e8ff93579e725e32674d79,06ad4f0058dd5a440ee1c597e515a181,7d9dd8cd511f343cb4fec73aec69ca32,db333b145c110d1f68c5d0e3b32dd1b0,d6236b0139e5546cb546aed1f40c6ca1,22e5814624e83c1b3e5e838d702f7a77,117f057695b164cd4a133b924929a1b3,10a72d0c1af16e5ab19c164cacfc8a64,897b02d57841f31fecce7f5ba9f06728,d0eb92e7b342bd60b95f597fb8cc0dfb,ba2e20ef459f185be67dd7455ebac9b7,5346c36536b9da40d8a08011253b9cf8,bb69f4f35a70a34c83b18875585da6b8,771750d4045fea2dd5d326edaa8da8d6,8a69f5e7030cc24bfcc41128c2b7eb14,95f1a35b182fa919161d0a91c65aef4a,
50,888,716db92e15c84b7436939bf5c771fdb7,d4572d62c4db44d49ce44884614f9c8c,4060ed67da21d5778bc4b683c262f7b3,a47021d43ac414cc9a5a65d77641ae2c,c4d6d34b544667543f98b708960e7171,ce691b36c0cdeed0e11aa9cd1b7a81c1,3e174bb0a1ea911168b16585d21d0fcf,ebfa8f79a219f42f0aa9dd4154a7daf5,c246640c826c6951ebb6a6b499677747,af3dbb07b5e0f49f3c92e191c9b3a8c5,770bc1d0641a38464bc76d543b6f76d0,92c0e4fa6532d05b383705b668b143c9,4100329f29e0765a60cc25d5e12e7978,a291639d9bb87c3eb74dfa4947872241,49f104c4ec0b3f0b8ab7759be13d9728,3d838b9f3e49e91e41f683efc5ac20d6,77b25df18df599f8c9d00816e36d1212,064651579269c9dcea33daeb8395ff57,e8cb489d6fa24cfb68d7a47d73a43582,9183224fa18d9daa50232f33f7717014,9d8841afec6065f465d24c1992b97991,95fc13c2b4da3d54390d1a6e53a3f087,827959a209185538eb88b980254b57ea,0217ad22d808a13e8062ffc43d5f65e0,82b49e68849d1b5a0ec95c2728588294,6f38701fcac5571dfb83912ef26e4468,9ac98d54b54d58dae2457f078684adfb,3cfdedb6318f814deb83fb47a907dd44,
51,876,fa4fab068b0541cf442031a9edac3d1f,019dece6e34ddef8fac562d1de831f6c,e0f98604857a7ea170e2bbd3b2b7e66f,3be20e9c226ce932c31e2b4e11753d40,4e3e1d62cbd8a6d8de2aded90e0dadce,2b923d10895c8cea86378f62d0fd0d2b,07c015cf97e60ccaff1ef861acc1d818,ea4ead000e5740d546b5225fb218ec91,73d8912d352434995425c67438a0ac80,e578bb1cfcfa2894d4638ee3bcdd9a6f,bc732e53a4d4b98c5f0ffefcb07753b7,662909a94aa69ac215524c31558adedd,bec7fe35f3195b99580a14bbdaef1335,1040dc8bc524ea23681970331dfaef62,6ef03c637a3fbe2ed8b0abb119e1ad39,a2e5f889cbcbf1e57763d63987ef2cb1,f7f855853e522da4992e79cf4c03ea5a,7623509ce3212a58204963b50d6989c7,58a3433a212c3747c8ee7fa5ec3aa101,cf04091643982363789f44662acb1bd6,
52,488,503334f7867f28f4e4eab2bcedf1bfd6,3f0a12080b6e5337071dca1f3342592a,e40edb72642aa8fefcd857d4359fb0cb,47169b5550f9e0fa4d9f31ad6f364066,04f21358f8e7874631b3cf5c22463826,501852574adfb56ca47fe16fb4991130,4921f5d26a33042a0596d0e508bd4c11,8d72a99ae23184e113f0f4bbb5f4e215,b1e2a9a52c624249458aac7398961497,778e8c1d5bc1d0c62ecadf240a945c0f,d28a56c638f8b9e3aea5fb959d03fa55,0f7334d0de08243e463c52de66a422a8,715a1d1ed53fc69f58f3026d7ed86bca,d6ef331a152c7422561397292bdacbdd,845c22dc88180d3407eb0746abec32d8,eec00af0e9acba11b35f544b47ae8b18,
53,892,e898fb6eb1e4bc1de00dc1a4b47a5514,08a0ebafbe9f691f9c18a4ee2095adcb,7bd2a1980a50c2eb4871c3295d0a0e69,0d72e53860ebaa279396832ecfc7f4d6,3618c184582717180603de788f98bd5d,0654056bc1b941d39c8ccaa3e28705ef,cbbefe84e6b17a6dde078ccf3feb0cc3,130944a93ea669c07ca37fd658f33e67,
54,595,6001cc776656d367974e7801f312287e,e82e4e9f3c416484246df6221cdeb8ba,2f954ded9f1383b6065159734a31b69e,086d4359f0475a00304980ba16b769fd,370af874c0d72a7f75b2936e9310efa7,a60dfacb6d8c2ef622c959a352993e04,4d13a13ccac847a5d3568cf20fd06f54,2213ff0f77512426f022ef1cec4fe4aa,3c4d1e304e3d3fb6d25e3c0f99b3b626,
55,635,2eed1eaba4a5ccd3aa74359039719e2a,f5145db6d7a9a503b1350fe0472d72ff,5fd7e6bfb326b9920f87c79b90539f4a,65082444a56878362f0bb591377b6a70,ecf87aa1189f9a4d6a3ce4fe15f1c17a,c4f50e5d8b073c0b62f81e79a20b7607,cbf1b3af51185239494609eee1776e26,76c7bedb00a638d66deb119666468ce6,6ea628493ecc369e51b50c5197dfe455,a1445aa5c5360ec7827ef28aa4d0392e,
